INSERT INTO roles (role_name, created_at, updated_at, deleted_at) VALUES
('ROLE_ADMIN', '2024-01-01 00:00:00', '2024-01-01 00:00:00', NULL),
('ROLE_USER', '2024-01-01 00:00:00', '2024-01-01 00:00:00', NULL),
('ROLE_MERCHANT', '2024-01-01 00:00:00', '2024-01-01 00:00:00', NULL),
('ROLE_CUSTOMER', '2024-01-01 00:00:00', '2024-01-01 00:00:00', NULL),
('ROLE_MODERATOR', '2024-01-01 00:00:00', '2024-01-01 00:00:00', NULL),
('ROLE_SUPERVISOR', '2024-01-01 00:00:00', '2024-01-01 00:00:00', NULL),
('ROLE_ACCOUNTANT', '2024-01-01 00:00:00', '2024-01-01 00:00:00', NULL),
('ROLE_SUPPORT', '2024-01-01 00:00:00', '2024-01-01 00:00:00', NULL),
('ROLE_DEVELOPER', '2024-01-01 00:00:00', '2024-01-01 00:00:00', NULL),
('ROLE_MANAGER', '2024-01-01 00:00:00', '2024-01-01 00:00:00', NULL);

INSERT INTO users (firstname, lastname, email, password, verification_code, is_verified, created_at, updated_at, deleted_at) VALUES
('Betty', 'Taylor', 'betty.taylor.1@example.com', '$2a$10$hashedpassword1', 'VERIFY001', true, '2024-01-25 07:15:21', '2024-01-25 07:15:21', NULL),
('Sarah', 'Anderson', 'sarah.anderson.2@example.com', '$2a$10$hashedpassword2', 'VERIFY002', true, '2024-02-17 12:08:15', '2024-02-17 12:08:15', NULL),
('Sarah', 'Anderson', 'sarah.anderson.3@example.com', '$2a$10$hashedpassword3', 'VERIFY003', true, '2024-02-27 02:01:12', '2024-02-27 02:01:12', NULL),
('Sarah', 'Davis', 'sarah.davis.4@example.com', '$2a$10$hashedpassword4', 'VERIFY004', true, '2024-01-28 22:16:12', '2024-01-28 22:16:12', NULL),
('Nancy', 'Jackson', 'nancy.jackson.5@example.com', '$2a$10$hashedpassword5', 'VERIFY005', true, '2024-01-01 22:41:00', '2024-01-01 22:41:00', NULL),
('Barbara', 'Thompson', 'barbara.thompson.6@example.com', '$2a$10$hashedpassword6', 'VERIFY006', true, '2024-01-21 16:59:35', '2024-01-21 16:59:35', NULL),
('Joseph', 'Thompson', 'joseph.thompson.7@example.com', '$2a$10$hashedpassword7', 'VERIFY007', true, '2024-01-23 22:53:41', '2024-01-23 22:53:41', NULL),
('John', 'Wilson', 'john.wilson.8@example.com', '$2a$10$hashedpassword8', 'VERIFY008', true, '2024-02-21 19:11:53', '2024-02-21 19:11:53', NULL),
('David', 'Garcia', 'david.garcia.9@example.com', '$2a$10$hashedpassword9', 'VERIFY009', true, '2024-01-31 20:01:35', '2024-01-31 20:01:35', NULL),
('Michael', 'Thompson', 'michael.thompson.10@example.com', '$2a$10$hashedpassword10', 'VERIFY010', true, '2024-02-29 00:27:00', '2024-02-29 00:27:00', NULL),
('Jennifer', 'Doe', 'jennifer.doe.11@example.com', '$2a$10$hashedpassword11', 'VERIFY011', true, '2024-02-28 15:12:22', '2024-02-28 15:12:22', NULL),
('John', 'Miller', 'john.miller.12@example.com', '$2a$10$hashedpassword12', 'VERIFY012', true, '2024-02-24 06:14:46', '2024-02-24 06:14:46', NULL),
('Robert', 'Johnson', 'robert.johnson.13@example.com', '$2a$10$hashedpassword13', 'VERIFY013', true, '2024-02-23 04:14:33', '2024-02-23 04:14:33', NULL),
('Matthew', 'Martin', 'matthew.martin.14@example.com', '$2a$10$hashedpassword14', 'VERIFY014', true, '2024-01-27 06:48:34', '2024-01-27 06:48:34', NULL),
('Patricia', 'Wilson', 'patricia.wilson.15@example.com', '$2a$10$hashedpassword15', 'VERIFY015', true, '2024-02-12 17:02:11', '2024-02-12 17:02:11', NULL),
('Christopher', 'Doe', 'christopher.doe.16@example.com', '$2a$10$hashedpassword16', 'VERIFY016', true, '2024-02-07 02:04:28', '2024-02-07 02:04:28', NULL),
('Michael', 'Johnson', 'michael.johnson.17@example.com', '$2a$10$hashedpassword17', 'VERIFY017', true, '2024-01-31 03:35:42', '2024-01-31 03:35:42', NULL),
('Betty', 'White', 'betty.white.18@example.com', '$2a$10$hashedpassword18', 'VERIFY018', true, '2024-02-12 10:21:35', '2024-02-12 10:21:35', NULL),
('Betty', 'Martin', 'betty.martin.19@example.com', '$2a$10$hashedpassword19', 'VERIFY019', true, '2024-01-02 22:44:54', '2024-01-02 22:44:54', NULL),
('Sarah', 'Thompson', 'sarah.thompson.20@example.com', '$2a$10$hashedpassword20', 'VERIFY020', true, '2024-02-01 07:28:38', '2024-02-01 07:28:38', NULL),
('David', 'Robinson', 'david.robinson.21@example.com', '$2a$10$hashedpassword21', 'VERIFY021', true, '2024-01-27 22:17:30', '2024-01-27 22:17:30', NULL),
('Jennifer', 'Thompson', 'jennifer.thompson.22@example.com', '$2a$10$hashedpassword22', 'VERIFY022', true, '2024-01-03 00:33:39', '2024-01-03 00:33:39', NULL),
('Jennifer', 'Taylor', 'jennifer.taylor.23@example.com', '$2a$10$hashedpassword23', 'VERIFY023', true, '2024-01-30 10:04:38', '2024-01-30 10:04:38', NULL),
('Barbara', 'Garcia', 'barbara.garcia.24@example.com', '$2a$10$hashedpassword24', 'VERIFY024', true, '2024-01-04 12:26:32', '2024-01-04 12:26:32', NULL),
('Jane', 'Thompson', 'jane.thompson.25@example.com', '$2a$10$hashedpassword25', 'VERIFY025', true, '2024-01-20 02:13:51', '2024-01-20 02:13:51', NULL),
('John', 'Smith', 'john.smith.26@example.com', '$2a$10$hashedpassword26', 'VERIFY026', true, '2024-02-15 21:06:46', '2024-02-15 21:06:46', NULL),
('Michael', 'Robinson', 'michael.robinson.27@example.com', '$2a$10$hashedpassword27', 'VERIFY027', true, '2024-02-11 13:08:55', '2024-02-11 13:08:55', NULL),
('Robert', 'White', 'robert.white.28@example.com', '$2a$10$hashedpassword28', 'VERIFY028', true, '2024-01-23 11:16:09', '2024-01-23 11:16:09', NULL),
('Linda', 'Moore', 'linda.moore.29@example.com', '$2a$10$hashedpassword29', 'VERIFY029', true, '2024-02-08 07:24:03', '2024-02-08 07:24:03', NULL),
('Matthew', 'Davis', 'matthew.davis.30@example.com', '$2a$10$hashedpassword30', 'VERIFY030', true, '2024-01-17 21:20:27', '2024-01-17 21:20:27', NULL),
('Daniel', 'Wilson', 'daniel.wilson.31@example.com', '$2a$10$hashedpassword31', 'VERIFY031', true, '2024-02-09 15:41:43', '2024-02-09 15:41:43', NULL),
('John', 'Brown', 'john.brown.32@example.com', '$2a$10$hashedpassword32', 'VERIFY032', true, '2024-01-25 19:11:41', '2024-01-25 19:11:41', NULL),
('David', 'Wilson', 'david.wilson.33@example.com', '$2a$10$hashedpassword33', 'VERIFY033', true, '2024-01-14 10:44:08', '2024-01-14 10:44:08', NULL),
('Matthew', 'Garcia', 'matthew.garcia.34@example.com', '$2a$10$hashedpassword34', 'VERIFY034', true, '2024-02-11 11:15:33', '2024-02-11 11:15:33', NULL),
('Christopher', 'Johnson', 'christopher.johnson.35@example.com', '$2a$10$hashedpassword35', 'VERIFY035', true, '2024-01-05 15:23:42', '2024-01-05 15:23:42', NULL),
('David', 'Anderson', 'david.anderson.36@example.com', '$2a$10$hashedpassword36', 'VERIFY036', true, '2024-02-09 12:10:22', '2024-02-09 12:10:22', NULL),
('Karen', 'Robinson', 'karen.robinson.37@example.com', '$2a$10$hashedpassword37', 'VERIFY037', true, '2024-01-20 11:33:11', '2024-01-20 11:33:11', NULL),
('Patricia', 'Brown', 'patricia.brown.38@example.com', '$2a$10$hashedpassword38', 'VERIFY038', true, '2024-02-23 01:14:53', '2024-02-23 01:14:53', NULL),
('William', 'Thomas', 'william.thomas.39@example.com', '$2a$10$hashedpassword39', 'VERIFY039', true, '2024-02-16 04:38:16', '2024-02-16 04:38:16', NULL),
('Karen', 'Harris', 'karen.harris.40@example.com', '$2a$10$hashedpassword40', 'VERIFY040', true, '2024-02-10 04:25:36', '2024-02-10 04:25:36', NULL),
('Joseph', 'Johnson', 'joseph.johnson.41@example.com', '$2a$10$hashedpassword41', 'VERIFY041', true, '2024-02-01 16:33:17', '2024-02-01 16:33:17', NULL),
('Daniel', 'White', 'daniel.white.42@example.com', '$2a$10$hashedpassword42', 'VERIFY042', true, '2024-01-13 02:13:46', '2024-01-13 02:13:46', NULL),
('Betty', 'Garcia', 'betty.garcia.43@example.com', '$2a$10$hashedpassword43', 'VERIFY043', true, '2024-01-05 04:30:34', '2024-01-05 04:30:34', NULL),
('Patricia', 'Davis', 'patricia.davis.44@example.com', '$2a$10$hashedpassword44', 'VERIFY044', true, '2024-01-21 01:23:22', '2024-01-21 01:23:22', NULL),
('Jennifer', 'Smith', 'jennifer.smith.45@example.com', '$2a$10$hashedpassword45', 'VERIFY045', true, '2024-01-16 22:55:47', '2024-01-16 22:55:47', NULL),
('Robert', 'Doe', 'robert.doe.46@example.com', '$2a$10$hashedpassword46', 'VERIFY046', true, '2024-02-17 21:33:25', '2024-02-17 21:33:25', NULL),
('Jennifer', 'Harris', 'jennifer.harris.47@example.com', '$2a$10$hashedpassword47', 'VERIFY047', true, '2024-02-28 08:46:20', '2024-02-28 08:46:20', NULL),
('Barbara', 'Wilson', 'barbara.wilson.48@example.com', '$2a$10$hashedpassword48', 'VERIFY048', true, '2024-02-19 20:00:32', '2024-02-19 20:00:32', NULL),
('John', 'Taylor', 'john.taylor.49@example.com', '$2a$10$hashedpassword49', 'VERIFY049', true, '2024-01-20 12:01:25', '2024-01-20 12:01:25', NULL),
('David', 'Moore', 'david.moore.50@example.com', '$2a$10$hashedpassword50', 'VERIFY050', true, '2024-01-31 11:16:39', '2024-01-31 11:16:39', NULL),
('Joseph', 'Wilson', 'joseph.wilson.51@example.com', '$2a$10$hashedpassword51', 'VERIFY051', true, '2024-02-28 10:20:12', '2024-02-28 10:20:12', NULL),
('James', 'Davis', 'james.davis.52@example.com', '$2a$10$hashedpassword52', 'VERIFY052', true, '2024-02-08 20:06:25', '2024-02-08 20:06:25', NULL),
('Sarah', 'Robinson', 'sarah.robinson.53@example.com', '$2a$10$hashedpassword53', 'VERIFY053', true, '2024-02-03 20:56:18', '2024-02-03 20:56:18', NULL),
('James', 'Robinson', 'james.robinson.54@example.com', '$2a$10$hashedpassword54', 'VERIFY054', true, '2024-01-27 22:32:12', '2024-01-27 22:32:12', NULL),
('Nancy', 'Doe', 'nancy.doe.55@example.com', '$2a$10$hashedpassword55', 'VERIFY055', true, '2024-02-06 10:59:37', '2024-02-06 10:59:37', NULL),
('Daniel', 'Robinson', 'daniel.robinson.56@example.com', '$2a$10$hashedpassword56', 'VERIFY056', true, '2024-01-22 14:49:14', '2024-01-22 14:49:14', NULL),
('Patricia', 'White', 'patricia.white.57@example.com', '$2a$10$hashedpassword57', 'VERIFY057', true, '2024-01-04 02:04:35', '2024-01-04 02:04:35', NULL),
('Robert', 'Taylor', 'robert.taylor.58@example.com', '$2a$10$hashedpassword58', 'VERIFY058', true, '2024-02-03 06:32:59', '2024-02-03 06:32:59', NULL),
('Linda', 'Harris', 'linda.harris.59@example.com', '$2a$10$hashedpassword59', 'VERIFY059', true, '2024-01-23 20:12:01', '2024-01-23 20:12:01', NULL),
('James', 'Moore', 'james.moore.60@example.com', '$2a$10$hashedpassword60', 'VERIFY060', true, '2024-02-09 08:45:32', '2024-02-09 08:45:32', NULL),
('Matthew', 'White', 'matthew.white.61@example.com', '$2a$10$hashedpassword61', 'VERIFY061', true, '2024-02-03 10:13:14', '2024-02-03 10:13:14', NULL),
('Jennifer', 'Moore', 'jennifer.moore.62@example.com', '$2a$10$hashedpassword62', 'VERIFY062', true, '2024-02-17 02:03:14', '2024-02-17 02:03:14', NULL),
('Robert', 'Garcia', 'robert.garcia.63@example.com', '$2a$10$hashedpassword63', 'VERIFY063', true, '2024-01-27 18:26:07', '2024-01-27 18:26:07', NULL),
('Jennifer', 'Smith', 'jennifer.smith.64@example.com', '$2a$10$hashedpassword64', 'VERIFY064', true, '2024-02-15 09:00:22', '2024-02-15 09:00:22', NULL),
('William', 'Johnson', 'william.johnson.65@example.com', '$2a$10$hashedpassword65', 'VERIFY065', true, '2024-02-13 08:02:53', '2024-02-13 08:02:53', NULL),
('Nancy', 'Thompson', 'nancy.thompson.66@example.com', '$2a$10$hashedpassword66', 'VERIFY066', true, '2024-02-09 14:16:51', '2024-02-09 14:16:51', NULL),
('Barbara', 'Martinez', 'barbara.martinez.67@example.com', '$2a$10$hashedpassword67', 'VERIFY067', true, '2024-01-29 14:59:50', '2024-01-29 14:59:50', NULL),
('Christopher', 'Taylor', 'christopher.taylor.68@example.com', '$2a$10$hashedpassword68', 'VERIFY068', true, '2024-02-23 11:26:14', '2024-02-23 11:26:14', NULL),
('Nancy', 'Thompson', 'nancy.thompson.69@example.com', '$2a$10$hashedpassword69', 'VERIFY069', true, '2024-01-10 01:05:42', '2024-01-10 01:05:42', NULL),
('Christopher', 'Smith', 'christopher.smith.70@example.com', '$2a$10$hashedpassword70', 'VERIFY070', true, '2024-02-22 15:02:28', '2024-02-22 15:02:28', NULL),
('John', 'Doe', 'john.doe.71@example.com', '$2a$10$hashedpassword71', 'VERIFY071', true, '2024-02-02 20:48:58', '2024-02-02 20:48:58', NULL),
('Maria', 'Garcia', 'maria.garcia.72@example.com', '$2a$10$hashedpassword72', 'VERIFY072', true, '2024-02-19 23:16:37', '2024-02-19 23:16:37', NULL),
('Betty', 'Harris', 'betty.harris.73@example.com', '$2a$10$hashedpassword73', 'VERIFY073', true, '2024-01-27 03:50:22', '2024-01-27 03:50:22', NULL),
('Joseph', 'Johnson', 'joseph.johnson.74@example.com', '$2a$10$hashedpassword74', 'VERIFY074', true, '2024-02-20 10:58:19', '2024-02-20 10:58:19', NULL),
('Daniel', 'Robinson', 'daniel.robinson.75@example.com', '$2a$10$hashedpassword75', 'VERIFY075', true, '2024-01-24 14:16:14', '2024-01-24 14:16:14', NULL),
('John', 'Davis', 'john.davis.76@example.com', '$2a$10$hashedpassword76', 'VERIFY076', true, '2024-02-19 17:43:05', '2024-02-19 17:43:05', NULL),
('William', 'Robinson', 'william.robinson.77@example.com', '$2a$10$hashedpassword77', 'VERIFY077', true, '2024-01-28 22:49:58', '2024-01-28 22:49:58', NULL),
('Jane', 'Wilson', 'jane.wilson.78@example.com', '$2a$10$hashedpassword78', 'VERIFY078', true, '2024-02-09 11:16:32', '2024-02-09 11:16:32', NULL),
('David', 'Wilson', 'david.wilson.79@example.com', '$2a$10$hashedpassword79', 'VERIFY079', true, '2024-01-19 10:39:12', '2024-01-19 10:39:12', NULL),
('Linda', 'Anderson', 'linda.anderson.80@example.com', '$2a$10$hashedpassword80', 'VERIFY080', true, '2024-02-28 00:48:47', '2024-02-28 00:48:47', NULL),
('David', 'Garcia', 'david.garcia.81@example.com', '$2a$10$hashedpassword81', 'VERIFY081', true, '2024-01-15 22:25:46', '2024-01-15 22:25:46', NULL),
('Matthew', 'White', 'matthew.white.82@example.com', '$2a$10$hashedpassword82', 'VERIFY082', true, '2024-02-04 10:38:07', '2024-02-04 10:38:07', NULL),
('Maria', 'Martinez', 'maria.martinez.83@example.com', '$2a$10$hashedpassword83', 'VERIFY083', true, '2024-01-03 15:42:37', '2024-01-03 15:42:37', NULL),
('Matthew', 'Smith', 'matthew.smith.84@example.com', '$2a$10$hashedpassword84', 'VERIFY084', true, '2024-01-21 18:42:21', '2024-01-21 18:42:21', NULL),
('Matthew', 'Martin', 'matthew.martin.85@example.com', '$2a$10$hashedpassword85', 'VERIFY085', true, '2024-01-24 14:26:21', '2024-01-24 14:26:21', NULL),
('Matthew', 'Johnson', 'matthew.johnson.86@example.com', '$2a$10$hashedpassword86', 'VERIFY086', true, '2024-01-13 02:41:11', '2024-01-13 02:41:11', NULL),
('John', 'Robinson', 'john.robinson.87@example.com', '$2a$10$hashedpassword87', 'VERIFY087', true, '2024-02-29 17:13:32', '2024-02-29 17:13:32', NULL),
('Jane', 'Davis', 'jane.davis.88@example.com', '$2a$10$hashedpassword88', 'VERIFY088', true, '2024-02-10 03:36:11', '2024-02-10 03:36:11', NULL),
('Matthew', 'Harris', 'matthew.harris.89@example.com', '$2a$10$hashedpassword89', 'VERIFY089', true, '2024-01-06 07:43:12', '2024-01-06 07:43:12', NULL),
('Patricia', 'Garcia', 'patricia.garcia.90@example.com', '$2a$10$hashedpassword90', 'VERIFY090', true, '2024-01-15 00:13:43', '2024-01-15 00:13:43', NULL),
('John', 'Harris', 'john.harris.91@example.com', '$2a$10$hashedpassword91', 'VERIFY091', true, '2024-02-07 03:39:38', '2024-02-07 03:39:38', NULL),
('Karen', 'White', 'karen.white.92@example.com', '$2a$10$hashedpassword92', 'VERIFY092', true, '2024-02-20 06:08:57', '2024-02-20 06:08:57', NULL),
('David', 'Moore', 'david.moore.93@example.com', '$2a$10$hashedpassword93', 'VERIFY093', true, '2024-02-06 19:34:15', '2024-02-06 19:34:15', NULL),
('Barbara', 'Thompson', 'barbara.thompson.94@example.com', '$2a$10$hashedpassword94', 'VERIFY094', true, '2024-01-23 18:29:46', '2024-01-23 18:29:46', NULL),
('Michael', 'Martin', 'michael.martin.95@example.com', '$2a$10$hashedpassword95', 'VERIFY095', true, '2024-02-07 14:31:49', '2024-02-07 14:31:49', NULL),
('Maria', 'Wilson', 'maria.wilson.96@example.com', '$2a$10$hashedpassword96', 'VERIFY096', true, '2024-02-04 21:51:08', '2024-02-04 21:51:08', NULL),
('Jennifer', 'Doe', 'jennifer.doe.97@example.com', '$2a$10$hashedpassword97', 'VERIFY097', true, '2024-02-02 12:56:42', '2024-02-02 12:56:42', NULL),
('Daniel', 'Jackson', 'daniel.jackson.98@example.com', '$2a$10$hashedpassword98', 'VERIFY098', true, '2024-01-05 01:47:49', '2024-01-05 01:47:49', NULL),
('Betty', 'Miller', 'betty.miller.99@example.com', '$2a$10$hashedpassword99', 'VERIFY099', true, '2024-01-31 22:08:50', '2024-01-31 22:08:50', NULL),
('Jane', 'Miller', 'jane.miller.100@example.com', '$2a$10$hashedpassword100', 'VERIFY100', true, '2024-01-08 00:22:32', '2024-01-08 00:22:32', NULL);

INSERT INTO user_roles (user_id, role_id, created_at, updated_at, deleted_at) VALUES
(1, 1, '2024-01-01 00:00:00', '2024-01-01 00:00:00', NULL),
(2, 1, '2024-01-01 00:00:00', '2024-01-01 00:00:00', NULL),
(3, 1, '2024-01-01 00:00:00', '2024-01-01 00:00:00', NULL),
(4, 1, '2024-01-01 00:00:00', '2024-01-01 00:00:00', NULL),
(5, 1, '2024-01-01 00:00:00', '2024-01-01 00:00:00', NULL),
(6, 2, '2024-01-01 00:00:00', '2024-01-01 00:00:00', NULL),
(7, 2, '2024-01-01 00:00:00', '2024-01-01 00:00:00', NULL),
(8, 2, '2024-01-01 00:00:00', '2024-01-01 00:00:00', NULL),
(9, 2, '2024-01-01 00:00:00', '2024-01-01 00:00:00', NULL),
(10, 3, '2024-01-01 00:00:00', '2024-01-01 00:00:00', NULL),
(11, 2, '2024-01-01 00:00:00', '2024-01-01 00:00:00', NULL),
(12, 2, '2024-01-01 00:00:00', '2024-01-01 00:00:00', NULL),
(13, 2, '2024-01-01 00:00:00', '2024-01-01 00:00:00', NULL),
(14, 2, '2024-01-01 00:00:00', '2024-01-01 00:00:00', NULL),
(15, 2, '2024-01-01 00:00:00', '2024-01-01 00:00:00', NULL),
(16, 2, '2024-01-01 00:00:00', '2024-01-01 00:00:00', NULL),
(17, 2, '2024-01-01 00:00:00', '2024-01-01 00:00:00', NULL),
(18, 2, '2024-01-01 00:00:00', '2024-01-01 00:00:00', NULL),
(19, 2, '2024-01-01 00:00:00', '2024-01-01 00:00:00', NULL),
(20, 3, '2024-01-01 00:00:00', '2024-01-01 00:00:00', NULL),
(21, 2, '2024-01-01 00:00:00', '2024-01-01 00:00:00', NULL),
(22, 2, '2024-01-01 00:00:00', '2024-01-01 00:00:00', NULL),
(23, 2, '2024-01-01 00:00:00', '2024-01-01 00:00:00', NULL),
(24, 2, '2024-01-01 00:00:00', '2024-01-01 00:00:00', NULL),
(25, 2, '2024-01-01 00:00:00', '2024-01-01 00:00:00', NULL),
(26, 2, '2024-01-01 00:00:00', '2024-01-01 00:00:00', NULL),
(27, 2, '2024-01-01 00:00:00', '2024-01-01 00:00:00', NULL),
(28, 2, '2024-01-01 00:00:00', '2024-01-01 00:00:00', NULL),
(29, 2, '2024-01-01 00:00:00', '2024-01-01 00:00:00', NULL),
(30, 3, '2024-01-01 00:00:00', '2024-01-01 00:00:00', NULL),
(31, 2, '2024-01-01 00:00:00', '2024-01-01 00:00:00', NULL),
(32, 2, '2024-01-01 00:00:00', '2024-01-01 00:00:00', NULL),
(33, 2, '2024-01-01 00:00:00', '2024-01-01 00:00:00', NULL),
(34, 2, '2024-01-01 00:00:00', '2024-01-01 00:00:00', NULL),
(35, 2, '2024-01-01 00:00:00', '2024-01-01 00:00:00', NULL),
(36, 2, '2024-01-01 00:00:00', '2024-01-01 00:00:00', NULL),
(37, 2, '2024-01-01 00:00:00', '2024-01-01 00:00:00', NULL),
(38, 2, '2024-01-01 00:00:00', '2024-01-01 00:00:00', NULL),
(39, 2, '2024-01-01 00:00:00', '2024-01-01 00:00:00', NULL),
(40, 3, '2024-01-01 00:00:00', '2024-01-01 00:00:00', NULL),
(41, 2, '2024-01-01 00:00:00', '2024-01-01 00:00:00', NULL),
(42, 2, '2024-01-01 00:00:00', '2024-01-01 00:00:00', NULL),
(43, 2, '2024-01-01 00:00:00', '2024-01-01 00:00:00', NULL),
(44, 2, '2024-01-01 00:00:00', '2024-01-01 00:00:00', NULL),
(45, 2, '2024-01-01 00:00:00', '2024-01-01 00:00:00', NULL),
(46, 2, '2024-01-01 00:00:00', '2024-01-01 00:00:00', NULL),
(47, 2, '2024-01-01 00:00:00', '2024-01-01 00:00:00', NULL),
(48, 2, '2024-01-01 00:00:00', '2024-01-01 00:00:00', NULL),
(49, 2, '2024-01-01 00:00:00', '2024-01-01 00:00:00', NULL),
(50, 3, '2024-01-01 00:00:00', '2024-01-01 00:00:00', NULL),
(51, 2, '2024-01-01 00:00:00', '2024-01-01 00:00:00', NULL),
(52, 2, '2024-01-01 00:00:00', '2024-01-01 00:00:00', NULL),
(53, 2, '2024-01-01 00:00:00', '2024-01-01 00:00:00', NULL),
(54, 2, '2024-01-01 00:00:00', '2024-01-01 00:00:00', NULL),
(55, 2, '2024-01-01 00:00:00', '2024-01-01 00:00:00', NULL),
(56, 2, '2024-01-01 00:00:00', '2024-01-01 00:00:00', NULL),
(57, 2, '2024-01-01 00:00:00', '2024-01-01 00:00:00', NULL),
(58, 2, '2024-01-01 00:00:00', '2024-01-01 00:00:00', NULL),
(59, 2, '2024-01-01 00:00:00', '2024-01-01 00:00:00', NULL),
(60, 3, '2024-01-01 00:00:00', '2024-01-01 00:00:00', NULL),
(61, 2, '2024-01-01 00:00:00', '2024-01-01 00:00:00', NULL),
(62, 2, '2024-01-01 00:00:00', '2024-01-01 00:00:00', NULL),
(63, 2, '2024-01-01 00:00:00', '2024-01-01 00:00:00', NULL),
(64, 2, '2024-01-01 00:00:00', '2024-01-01 00:00:00', NULL),
(65, 2, '2024-01-01 00:00:00', '2024-01-01 00:00:00', NULL),
(66, 2, '2024-01-01 00:00:00', '2024-01-01 00:00:00', NULL),
(67, 2, '2024-01-01 00:00:00', '2024-01-01 00:00:00', NULL),
(68, 2, '2024-01-01 00:00:00', '2024-01-01 00:00:00', NULL),
(69, 2, '2024-01-01 00:00:00', '2024-01-01 00:00:00', NULL),
(70, 3, '2024-01-01 00:00:00', '2024-01-01 00:00:00', NULL),
(71, 2, '2024-01-01 00:00:00', '2024-01-01 00:00:00', NULL),
(72, 2, '2024-01-01 00:00:00', '2024-01-01 00:00:00', NULL),
(73, 2, '2024-01-01 00:00:00', '2024-01-01 00:00:00', NULL),
(74, 2, '2024-01-01 00:00:00', '2024-01-01 00:00:00', NULL),
(75, 2, '2024-01-01 00:00:00', '2024-01-01 00:00:00', NULL),
(76, 2, '2024-01-01 00:00:00', '2024-01-01 00:00:00', NULL),
(77, 2, '2024-01-01 00:00:00', '2024-01-01 00:00:00', NULL),
(78, 2, '2024-01-01 00:00:00', '2024-01-01 00:00:00', NULL),
(79, 2, '2024-01-01 00:00:00', '2024-01-01 00:00:00', NULL),
(80, 3, '2024-01-01 00:00:00', '2024-01-01 00:00:00', NULL),
(81, 2, '2024-01-01 00:00:00', '2024-01-01 00:00:00', NULL),
(82, 2, '2024-01-01 00:00:00', '2024-01-01 00:00:00', NULL),
(83, 2, '2024-01-01 00:00:00', '2024-01-01 00:00:00', NULL),
(84, 2, '2024-01-01 00:00:00', '2024-01-01 00:00:00', NULL),
(85, 2, '2024-01-01 00:00:00', '2024-01-01 00:00:00', NULL),
(86, 2, '2024-01-01 00:00:00', '2024-01-01 00:00:00', NULL),
(87, 2, '2024-01-01 00:00:00', '2024-01-01 00:00:00', NULL),
(88, 2, '2024-01-01 00:00:00', '2024-01-01 00:00:00', NULL),
(89, 2, '2024-01-01 00:00:00', '2024-01-01 00:00:00', NULL),
(90, 3, '2024-01-01 00:00:00', '2024-01-01 00:00:00', NULL),
(91, 2, '2024-01-01 00:00:00', '2024-01-01 00:00:00', NULL),
(92, 2, '2024-01-01 00:00:00', '2024-01-01 00:00:00', NULL),
(93, 2, '2024-01-01 00:00:00', '2024-01-01 00:00:00', NULL),
(94, 2, '2024-01-01 00:00:00', '2024-01-01 00:00:00', NULL),
(95, 2, '2024-01-01 00:00:00', '2024-01-01 00:00:00', NULL),
(96, 2, '2024-01-01 00:00:00', '2024-01-01 00:00:00', NULL),
(97, 2, '2024-01-01 00:00:00', '2024-01-01 00:00:00', NULL),
(98, 2, '2024-01-01 00:00:00', '2024-01-01 00:00:00', NULL),
(99, 2, '2024-01-01 00:00:00', '2024-01-01 00:00:00', NULL),
(100, 3, '2024-01-01 00:00:00', '2024-01-01 00:00:00', NULL);

INSERT INTO cards (user_id, card_number, card_type, expire_date, cvv, card_provider, created_at, updated_at, deleted_at) VALUES
(84, '4708072818315764', 'credit', '2026-01-28', '144', 'MASTERCARD', '2024-01-30 17:42:41', '2024-01-30 17:42:41', NULL),
(26, '4994308660018760', 'credit', '2026-02-28', '475', 'MASTERCARD', '2024-01-06 17:31:46', '2024-01-06 17:31:46', NULL),
(30, '5953686363953094', 'credit', '2028-07-28', '171', 'VISA', '2024-01-27 04:58:17', '2024-01-27 04:58:17', NULL),
(57, '5721475030458954', 'credit', '2028-10-28', '523', 'VISA', '2024-03-23 13:42:29', '2024-03-23 13:42:29', NULL),
(78, '4900558817197729', 'credit', '2027-10-28', '512', 'VISA', '2024-03-10 08:36:46', '2024-03-10 08:36:46', NULL),
(71, '4172896263366055', 'credit', '2026-09-28', '860', 'VISA', '2024-03-09 22:05:47', '2024-03-09 22:05:47', NULL),
(42, '4769547032029793', 'debit', '2028-09-28', '251', 'MASTERCARD', '2024-01-28 10:29:20', '2024-01-28 10:29:20', NULL),
(12, '5120566932021172', 'credit', '2027-07-28', '129', 'MASTERCARD', '2024-03-17 11:46:43', '2024-03-17 11:46:43', NULL),
(25, '5042438916839901', 'credit', '2027-09-28', '976', 'VISA', '2024-02-29 21:27:01', '2024-02-29 21:27:01', NULL),
(77, '4996225570013757', 'debit', '2026-07-28', '504', 'VISA', '2024-03-03 02:28:53', '2024-03-03 02:28:53', NULL),
(98, '5003856053069789', 'debit', '2026-02-28', '625', 'VISA', '2024-03-09 08:24:34', '2024-03-09 08:24:34', NULL),
(70, '5933872061493882', 'credit', '2027-09-28', '559', 'MASTERCARD', '2024-03-05 20:00:28', '2024-03-05 20:00:28', NULL),
(60, '5302353954973048', 'credit', '2028-06-28', '951', 'MASTERCARD', '2024-02-05 12:54:51', '2024-02-05 12:54:51', NULL),
(65, '5423462305749270', 'debit', '2028-01-28', '140', 'VISA', '2024-02-14 07:12:50', '2024-02-14 07:12:50', NULL),
(4, '5668765756085412', 'debit', '2026-02-28', '225', 'VISA', '2024-02-23 05:35:55', '2024-02-23 05:35:55', NULL),
(24, '5579924924485823', 'credit', '2028-11-28', '893', 'MASTERCARD', '2024-01-04 06:05:27', '2024-01-04 06:05:27', NULL),
(84, '4069300393960968', 'debit', '2028-11-28', '993', 'VISA', '2024-03-05 21:32:17', '2024-03-05 21:32:17', NULL),
(24, '4779574621279759', 'credit', '2028-12-28', '147', 'VISA', '2024-02-26 22:45:16', '2024-02-26 22:45:16', NULL),
(86, '4781337294662707', 'credit', '2027-04-28', '185', 'MASTERCARD', '2024-01-09 00:41:46', '2024-01-09 00:41:46', NULL),
(26, '4823175517411663', 'credit', '2026-10-28', '567', 'MASTERCARD', '2024-01-30 22:09:43', '2024-01-30 22:09:43', NULL),
(16, '5809686892768895', 'credit', '2027-05-28', '659', 'MASTERCARD', '2024-01-20 12:51:54', '2024-01-20 12:51:54', NULL),
(45, '4965442810113673', 'credit', '2026-09-28', '682', 'MASTERCARD', '2024-03-21 15:29:08', '2024-03-21 15:29:08', NULL),
(5, '4318281599762979', 'debit', '2027-05-28', '649', 'VISA', '2024-02-03 23:37:02', '2024-02-03 23:37:02', NULL),
(33, '4268313001375019', 'debit', '2027-03-28', '579', 'VISA', '2024-01-25 20:14:00', '2024-01-25 20:14:00', NULL),
(72, '4960424488155260', 'debit', '2028-10-28', '630', 'VISA', '2024-02-16 04:48:29', '2024-02-16 04:48:29', NULL),
(21, '5657075696633287', 'credit', '2028-03-28', '181', 'MASTERCARD', '2024-01-15 13:19:12', '2024-01-15 13:19:12', NULL),
(78, '4634445494633763', 'debit', '2028-06-28', '175', 'VISA', '2024-01-22 03:26:33', '2024-01-22 03:26:33', NULL),
(20, '4795902181884207', 'credit', '2026-06-28', '740', 'VISA', '2024-01-14 14:11:52', '2024-01-14 14:11:52', NULL),
(76, '4273557153026338', 'credit', '2026-09-28', '486', 'VISA', '2024-03-26 10:53:55', '2024-03-26 10:53:55', NULL),
(36, '5067837563018801', 'credit', '2026-12-28', '509', 'MASTERCARD', '2024-02-18 14:54:40', '2024-02-18 14:54:40', NULL),
(66, '5775325216212065', 'debit', '2026-11-28', '617', 'VISA', '2024-02-21 11:28:21', '2024-02-21 11:28:21', NULL),
(56, '4554874831250092', 'credit', '2027-01-28', '168', 'VISA', '2024-03-11 04:08:35', '2024-03-11 04:08:35', NULL),
(13, '5297105429529523', 'credit', '2026-04-28', '720', 'MASTERCARD', '2024-02-11 13:12:19', '2024-02-11 13:12:19', NULL),
(3, '5237173782499853', 'credit', '2027-09-28', '669', 'VISA', '2024-02-19 17:01:29', '2024-02-19 17:01:29', NULL),
(31, '5759325684901573', 'credit', '2026-12-28', '171', 'VISA', '2024-03-22 19:56:06', '2024-03-22 19:56:06', NULL),
(87, '4118704166397728', 'debit', '2026-02-28', '962', 'MASTERCARD', '2024-01-25 04:26:23', '2024-01-25 04:26:23', NULL),
(68, '5469742463169517', 'debit', '2026-02-28', '361', 'MASTERCARD', '2024-02-26 13:46:02', '2024-02-26 13:46:02', NULL),
(40, '4231336688877601', 'credit', '2028-05-28', '952', 'MASTERCARD', '2024-02-01 14:40:25', '2024-02-01 14:40:25', NULL),
(67, '4499654738095322', 'debit', '2026-12-28', '744', 'MASTERCARD', '2024-03-05 21:14:24', '2024-03-05 21:14:24', NULL),
(47, '5305277213462852', 'credit', '2028-08-28', '707', 'MASTERCARD', '2024-03-04 19:39:11', '2024-03-04 19:39:11', NULL),
(47, '4867448948901547', 'debit', '2026-06-28', '187', 'VISA', '2024-03-25 23:15:05', '2024-03-25 23:15:05', NULL),
(66, '4363120982986177', 'credit', '2026-12-28', '809', 'MASTERCARD', '2024-01-12 21:02:53', '2024-01-12 21:02:53', NULL),
(16, '4208411892620314', 'credit', '2028-05-28', '389', 'MASTERCARD', '2024-02-12 14:14:38', '2024-02-12 14:14:38', NULL),
(19, '5880469498387426', 'credit', '2028-04-28', '238', 'MASTERCARD', '2024-03-16 10:23:40', '2024-03-16 10:23:40', NULL),
(64, '5587173751187200', 'credit', '2027-06-28', '931', 'VISA', '2024-02-05 16:44:26', '2024-02-05 16:44:26', NULL),
(45, '4496630895775631', 'debit', '2027-03-28', '145', 'MASTERCARD', '2024-01-31 15:58:19', '2024-01-31 15:58:19', NULL),
(65, '4598521835392346', 'debit', '2028-11-28', '709', 'VISA', '2024-02-07 16:59:13', '2024-02-07 16:59:13', NULL),
(5, '4582249327797490', 'debit', '2028-11-28', '995', 'MASTERCARD', '2024-01-26 14:05:35', '2024-01-26 14:05:35', NULL),
(3, '5105943003842035', 'debit', '2026-01-28', '103', 'MASTERCARD', '2024-03-25 10:12:00', '2024-03-25 10:12:00', NULL),
(74, '5315208939785996', 'debit', '2027-10-28', '285', 'MASTERCARD', '2024-01-31 05:39:24', '2024-01-31 05:39:24', NULL),
(16, '4598973652805996', 'credit', '2028-09-28', '692', 'MASTERCARD', '2024-02-16 19:05:51', '2024-02-16 19:05:51', NULL),
(98, '5106230637952535', 'debit', '2026-10-28', '391', 'MASTERCARD', '2024-03-08 10:14:55', '2024-03-08 10:14:55', NULL),
(35, '4864147316385453', 'credit', '2027-09-28', '237', 'VISA', '2024-02-09 15:37:05', '2024-02-09 15:37:05', NULL),
(59, '4445916980986117', 'debit', '2027-10-28', '823', 'MASTERCARD', '2024-01-21 13:10:13', '2024-01-21 13:10:13', NULL),
(38, '5680438782062330', 'credit', '2026-05-28', '398', 'VISA', '2024-02-16 13:26:59', '2024-02-16 13:26:59', NULL),
(59, '5473499729415392', 'debit', '2027-01-28', '678', 'MASTERCARD', '2024-02-16 16:42:13', '2024-02-16 16:42:13', NULL),
(68, '5560032541703049', 'credit', '2027-03-28', '522', 'VISA', '2024-03-20 15:19:45', '2024-03-20 15:19:45', NULL),
(81, '5591612424729274', 'debit', '2027-01-28', '267', 'MASTERCARD', '2024-03-14 10:42:46', '2024-03-14 10:42:46', NULL),
(18, '5367316617196313', 'debit', '2026-07-28', '572', 'VISA', '2024-02-15 05:31:28', '2024-02-15 05:31:28', NULL),
(8, '4436009692024353', 'debit', '2027-10-28', '735', 'MASTERCARD', '2024-03-15 20:52:43', '2024-03-15 20:52:43', NULL),
(76, '4912686042701825', 'debit', '2027-08-28', '935', 'MASTERCARD', '2024-03-03 08:03:22', '2024-03-03 08:03:22', NULL),
(43, '5896020696123217', 'credit', '2027-04-28', '777', 'VISA', '2024-01-25 00:12:05', '2024-01-25 00:12:05', NULL),
(25, '4786675057375676', 'credit', '2026-02-28', '532', 'VISA', '2024-01-08 14:15:08', '2024-01-08 14:15:08', NULL),
(23, '5566055915055870', 'credit', '2027-06-28', '356', 'VISA', '2024-01-17 15:41:48', '2024-01-17 15:41:48', NULL),
(10, '5795295094965605', 'debit', '2026-07-28', '253', 'VISA', '2024-01-19 17:28:27', '2024-01-19 17:28:27', NULL),
(34, '5928959774832614', 'credit', '2027-08-28', '630', 'VISA', '2024-03-25 15:11:23', '2024-03-25 15:11:23', NULL),
(51, '4396154380523064', 'debit', '2028-09-28', '754', 'MASTERCARD', '2024-02-15 07:26:28', '2024-02-15 07:26:28', NULL),
(95, '4318079957870894', 'debit', '2027-02-28', '796', 'VISA', '2024-01-19 10:28:22', '2024-01-19 10:28:22', NULL),
(84, '4755014457035066', 'debit', '2028-04-28', '718', 'MASTERCARD', '2024-02-17 09:08:57', '2024-02-17 09:08:57', NULL),
(76, '4760197759190917', 'credit', '2028-08-28', '732', 'MASTERCARD', '2024-02-05 05:38:16', '2024-02-05 05:38:16', NULL),
(95, '4365535280265646', 'credit', '2027-01-28', '852', 'VISA', '2024-01-07 19:00:53', '2024-01-07 19:00:53', NULL),
(100, '5097975811087015', 'credit', '2026-09-28', '376', 'MASTERCARD', '2024-03-31 04:34:17', '2024-03-31 04:34:17', NULL),
(10, '4001154059686158', 'credit', '2028-04-28', '693', 'MASTERCARD', '2024-01-28 00:20:30', '2024-01-28 00:20:30', NULL),
(11, '4247053058701363', 'credit', '2028-09-28', '339', 'MASTERCARD', '2024-02-02 10:52:18', '2024-02-02 10:52:18', NULL),
(55, '4513209488722815', 'debit', '2026-08-28', '851', 'MASTERCARD', '2024-02-23 20:47:11', '2024-02-23 20:47:11', NULL),
(61, '4953965868863726', 'credit', '2028-06-28', '816', 'MASTERCARD', '2024-01-09 13:26:43', '2024-01-09 13:26:43', NULL),
(42, '4719356013822091', 'credit', '2026-01-28', '731', 'MASTERCARD', '2024-02-15 08:09:52', '2024-02-15 08:09:52', NULL),
(31, '4653060970237276', 'debit', '2027-06-28', '852', 'MASTERCARD', '2024-02-20 01:01:45', '2024-02-20 01:01:45', NULL),
(79, '4635474012743250', 'debit', '2026-07-28', '234', 'VISA', '2024-01-10 11:30:52', '2024-01-10 11:30:52', NULL),
(62, '5063294709956103', 'debit', '2026-08-28', '362', 'VISA', '2024-02-05 02:17:44', '2024-02-05 02:17:44', NULL),
(2, '4233243450965894', 'credit', '2027-12-28', '892', 'VISA', '2024-02-16 10:44:44', '2024-02-16 10:44:44', NULL),
(62, '5360982194783244', 'debit', '2028-08-28', '864', 'MASTERCARD', '2024-02-23 05:23:03', '2024-02-23 05:23:03', NULL),
(88, '4277251322184980', 'credit', '2026-01-28', '614', 'MASTERCARD', '2024-01-02 21:11:42', '2024-01-02 21:11:42', NULL),
(69, '4485821326750532', 'debit', '2027-03-28', '563', 'MASTERCARD', '2024-02-22 00:32:43', '2024-02-22 00:32:43', NULL),
(92, '4965218786259795', 'credit', '2028-04-28', '561', 'VISA', '2024-01-03 20:31:25', '2024-01-03 20:31:25', NULL),
(90, '4090730346349701', 'credit', '2028-07-28', '485', 'VISA', '2024-02-27 07:10:06', '2024-02-27 07:10:06', NULL),
(35, '4262561786303580', 'debit', '2028-02-28', '164', 'VISA', '2024-02-05 02:50:13', '2024-02-05 02:50:13', NULL),
(59, '5441608889282109', 'credit', '2026-05-28', '868', 'VISA', '2024-03-23 15:36:07', '2024-03-23 15:36:07', NULL),
(8, '5124919742119578', 'credit', '2028-03-28', '655', 'VISA', '2024-01-10 00:02:27', '2024-01-10 00:02:27', NULL),
(9, '4651822459085005', 'debit', '2027-11-28', '646', 'VISA', '2024-03-03 19:15:29', '2024-03-03 19:15:29', NULL),
(19, '5789800772075512', 'debit', '2028-01-28', '934', 'VISA', '2024-03-27 15:24:12', '2024-03-27 15:24:12', NULL),
(81, '4024322367068695', 'debit', '2027-06-28', '722', 'VISA', '2024-01-05 14:44:04', '2024-01-05 14:44:04', NULL),
(73, '4885373614965001', 'credit', '2028-07-28', '341', 'MASTERCARD', '2024-03-01 13:13:25', '2024-03-01 13:13:25', NULL),
(77, '4698759731552310', 'credit', '2027-05-28', '261', 'MASTERCARD', '2024-01-02 00:56:27', '2024-01-02 00:56:27', NULL),
(20, '5984718416696479', 'debit', '2028-03-28', '785', 'VISA', '2024-03-13 00:08:17', '2024-03-13 00:08:17', NULL),
(83, '4637432150064434', 'credit', '2027-05-28', '986', 'VISA', '2024-03-22 18:53:14', '2024-03-22 18:53:14', NULL),
(75, '5947072590311527', 'debit', '2026-12-28', '505', 'VISA', '2024-03-04 22:58:59', '2024-03-04 22:58:59', NULL),
(85, '4269328821180661', 'debit', '2026-08-28', '727', 'VISA', '2024-03-23 07:00:46', '2024-03-23 07:00:46', NULL),
(96, '4821614334704454', 'credit', '2028-04-28', '810', 'VISA', '2024-02-11 12:43:25', '2024-02-11 12:43:25', NULL),
(100, '4227830385145808', 'credit', '2028-01-28', '217', 'VISA', '2024-02-23 22:28:43', '2024-02-23 22:28:43', NULL),
(17, '4508096686324737', 'credit', '2028-02-28', '898', 'MASTERCARD', '2024-01-24 01:17:23', '2024-01-24 01:17:23', NULL),
(71, '4803699248521691', 'credit', '2028-01-28', '651', 'VISA', '2024-02-28 02:55:41', '2024-02-28 02:55:41', NULL),
(42, '5767481107035866', 'debit', '2028-08-28', '674', 'VISA', '2024-02-02 00:30:00', '2024-02-02 00:30:00', NULL),
(14, '5205696695448517', 'credit', '2028-01-28', '724', 'VISA', '2024-01-17 18:51:16', '2024-01-17 18:51:16', NULL),
(69, '4307731388488603', 'debit', '2026-03-28', '722', 'MASTERCARD', '2024-02-08 11:29:57', '2024-02-08 11:29:57', NULL),
(14, '5267577711813564', 'credit', '2027-07-28', '316', 'VISA', '2024-02-10 19:22:12', '2024-02-10 19:22:12', NULL),
(43, '4865961216663202', 'credit', '2028-02-28', '337', 'VISA', '2024-02-24 17:30:46', '2024-02-24 17:30:46', NULL),
(47, '5464136601857392', 'debit', '2028-09-28', '289', 'VISA', '2024-02-25 08:35:17', '2024-02-25 08:35:17', NULL),
(91, '4895748511427302', 'credit', '2026-10-28', '732', 'MASTERCARD', '2024-01-13 05:12:09', '2024-01-13 05:12:09', NULL),
(42, '5180388771359866', 'debit', '2026-08-28', '208', 'VISA', '2024-01-28 18:08:33', '2024-01-28 18:08:33', NULL),
(90, '4220087456045621', 'debit', '2027-09-28', '236', 'MASTERCARD', '2024-03-21 12:48:52', '2024-03-21 12:48:52', NULL),
(92, '4210517963981929', 'debit', '2027-09-28', '742', 'VISA', '2024-01-06 08:36:54', '2024-01-06 08:36:54', NULL),
(46, '4266136886175090', 'credit', '2026-01-28', '393', 'MASTERCARD', '2024-03-09 15:51:14', '2024-03-09 15:51:14', NULL),
(43, '5460609530185165', 'debit', '2027-09-28', '298', 'VISA', '2024-02-27 11:49:24', '2024-02-27 11:49:24', NULL),
(17, '4471447162187347', 'credit', '2027-05-28', '585', 'VISA', '2024-02-01 12:47:21', '2024-02-01 12:47:21', NULL),
(40, '4841279137229260', 'credit', '2028-08-28', '810', 'MASTERCARD', '2024-02-19 06:31:34', '2024-02-19 06:31:34', NULL),
(42, '4118558289633752', 'debit', '2028-03-28', '109', 'MASTERCARD', '2024-03-05 06:22:43', '2024-03-05 06:22:43', NULL),
(93, '5700138167446882', 'credit', '2027-10-28', '203', 'MASTERCARD', '2024-01-04 11:33:14', '2024-01-04 11:33:14', NULL),
(70, '5289435776689156', 'credit', '2027-10-28', '828', 'MASTERCARD', '2024-02-21 13:21:50', '2024-02-21 13:21:50', NULL),
(79, '5087877770363133', 'debit', '2027-08-28', '822', 'MASTERCARD', '2024-03-10 14:00:35', '2024-03-10 14:00:35', NULL),
(99, '5700431627087107', 'debit', '2028-08-28', '924', 'VISA', '2024-02-16 22:35:51', '2024-02-16 22:35:51', NULL),
(77, '4492403137332378', 'credit', '2028-08-28', '990', 'MASTERCARD', '2024-03-28 15:40:40', '2024-03-28 15:40:40', NULL),
(23, '5192050302634109', 'credit', '2028-07-28', '506', 'MASTERCARD', '2024-03-12 08:24:22', '2024-03-12 08:24:22', NULL),
(53, '5661109340250118', 'credit', '2027-03-28', '533', 'VISA', '2024-01-30 15:22:39', '2024-01-30 15:22:39', NULL),
(79, '5754558967072949', 'credit', '2027-11-28', '773', 'VISA', '2024-02-24 21:34:33', '2024-02-24 21:34:33', NULL),
(72, '4169114265711698', 'debit', '2028-03-28', '284', 'MASTERCARD', '2024-02-12 09:15:52', '2024-02-12 09:15:52', NULL),
(42, '5112470013191505', 'credit', '2027-09-28', '103', 'VISA', '2024-01-13 10:37:37', '2024-01-13 10:37:37', NULL),
(19, '4748600244199414', 'debit', '2026-03-28', '287', 'MASTERCARD', '2024-02-27 08:11:33', '2024-02-27 08:11:33', NULL),
(75, '4840540528546701', 'debit', '2028-02-28', '462', 'VISA', '2024-03-04 20:45:23', '2024-03-04 20:45:23', NULL),
(31, '5180914961915787', 'credit', '2026-01-28', '908', 'VISA', '2024-02-16 16:41:46', '2024-02-16 16:41:46', NULL),
(41, '4589536367137469', 'credit', '2028-09-28', '860', 'VISA', '2024-01-28 17:45:40', '2024-01-28 17:45:40', NULL),
(55, '5082306339447576', 'debit', '2028-10-28', '414', 'MASTERCARD', '2024-02-05 19:23:42', '2024-02-05 19:23:42', NULL),
(58, '5239428665003205', 'credit', '2027-12-28', '663', 'VISA', '2024-01-08 22:52:37', '2024-01-08 22:52:37', NULL),
(11, '5501432657484256', 'debit', '2028-02-28', '905', 'MASTERCARD', '2024-02-05 00:50:25', '2024-02-05 00:50:25', NULL),
(93, '4926438888790244', 'credit', '2028-12-28', '423', 'VISA', '2024-01-30 20:05:24', '2024-01-30 20:05:24', NULL),
(91, '4443162801308279', 'debit', '2028-01-28', '456', 'VISA', '2024-01-23 14:50:09', '2024-01-23 14:50:09', NULL),
(63, '4300323120583051', 'credit', '2026-04-28', '400', 'MASTERCARD', '2024-02-11 19:07:25', '2024-02-11 19:07:25', NULL),
(43, '4324822130159257', 'credit', '2026-09-28', '635', 'VISA', '2024-03-18 03:57:06', '2024-03-18 03:57:06', NULL),
(86, '5803175474695040', 'credit', '2028-09-28', '240', 'MASTERCARD', '2024-01-13 11:54:01', '2024-01-13 11:54:01', NULL),
(62, '5495668156581601', 'debit', '2027-06-28', '665', 'VISA', '2024-03-13 04:51:12', '2024-03-13 04:51:12', NULL),
(15, '5871631566414205', 'debit', '2026-09-28', '430', 'MASTERCARD', '2024-02-13 15:40:09', '2024-02-13 15:40:09', NULL),
(40, '4691676990195106', 'credit', '2026-10-28', '129', 'MASTERCARD', '2024-02-14 18:38:15', '2024-02-14 18:38:15', NULL),
(35, '5965295563474326', 'credit', '2027-01-28', '984', 'VISA', '2024-03-21 12:56:15', '2024-03-21 12:56:15', NULL),
(28, '4807879451334390', 'credit', '2026-12-28', '173', 'VISA', '2024-01-13 20:54:55', '2024-01-13 20:54:55', NULL),
(43, '4065291533699237', 'credit', '2027-09-28', '116', 'VISA', '2024-02-10 12:09:55', '2024-02-10 12:09:55', NULL),
(57, '4123574623913134', 'debit', '2027-11-28', '837', 'MASTERCARD', '2024-02-25 17:48:55', '2024-02-25 17:48:55', NULL),
(51, '4391365412541988', 'credit', '2028-07-28', '802', 'VISA', '2024-01-03 01:25:19', '2024-01-03 01:25:19', NULL),
(47, '5795567736009817', 'credit', '2027-07-28', '519', 'VISA', '2024-03-12 20:33:31', '2024-03-12 20:33:31', NULL),
(70, '4071516970113146', 'credit', '2027-04-28', '135', 'MASTERCARD', '2024-01-10 16:32:09', '2024-01-10 16:32:09', NULL),
(72, '4500842850052411', 'debit', '2026-12-28', '208', 'MASTERCARD', '2024-01-18 15:33:08', '2024-01-18 15:33:08', NULL);

INSERT INTO merchants (name, api_key, user_id, status, created_at, updated_at, deleted_at) VALUES
('BookWorld 1', 'API_KEY_001_ZQ0MV63J0M', 4, 'active', '2024-01-22 23:08:46', '2024-01-22 23:08:46', NULL),
('SportsGear 2', 'API_KEY_002_ZKXYUKW47Z', 70, 'active', '2024-01-04 12:27:18', '2024-01-04 12:27:18', NULL),
('GardenCenter 3', 'API_KEY_003_AEG7FTT1ET', 46, 'active', '2024-01-16 02:04:45', '2024-01-16 02:04:45', NULL),
('GardenCenter 4', 'API_KEY_004_CC1GP2SV3Z', 68, 'active', '2024-01-01 10:22:52', '2024-01-01 10:22:52', NULL),
('GameZone 5', 'API_KEY_005_4CA9R52HWK', 97, 'pending', '2024-01-16 08:55:40', '2024-01-16 08:55:40', NULL),
('GardenCenter 6', 'API_KEY_006_9X6WSXIW11', 34, 'active', '2024-01-05 13:58:13', '2024-01-05 13:58:13', NULL),
('GameZone 7', 'API_KEY_007_DVTJV8VWYY', 56, 'active', '2024-01-28 15:25:24', '2024-01-28 15:25:24', NULL),
('BeautyShop 8', 'API_KEY_008_F0435W0ERD', 48, 'active', '2024-01-08 03:13:01', '2024-01-08 03:13:01', NULL),
('SportsGear 9', 'API_KEY_009_X113P9OLR5', 25, 'active', '2024-01-09 08:35:22', '2024-01-09 08:35:22', NULL),
('AutoParts 10', 'API_KEY_010_4EZU2OFBU0', 48, 'pending', '2024-01-27 09:01:21', '2024-01-27 09:01:21', NULL),
('HomeDecor 11', 'API_KEY_011_JWDXUO7ZAI', 79, 'active', '2024-01-25 02:25:03', '2024-01-25 02:25:03', NULL),
('CoffeeHouse 12', 'API_KEY_012_WEQUKXWK36', 86, 'active', '2024-01-21 21:41:14', '2024-01-21 21:41:14', NULL),
('BookWorld 13', 'API_KEY_013_Y9I3R6UEJC', 44, 'active', '2024-01-05 02:00:26', '2024-01-05 02:00:26', NULL),
('BeautyShop 14', 'API_KEY_014_RURB26BRGD', 91, 'active', '2024-01-12 10:15:21', '2024-01-12 10:15:21', NULL),
('GardenCenter 15', 'API_KEY_015_RBSYGJZY07', 2, 'pending', '2024-01-26 22:10:25', '2024-01-26 22:10:25', NULL),
('GardenCenter 16', 'API_KEY_016_7I4IW4G6SJ', 100, 'active', '2024-01-31 11:05:44', '2024-01-31 11:05:44', NULL),
('SportsGear 17', 'API_KEY_017_1OE926LGN9', 85, 'active', '2024-01-14 09:02:53', '2024-01-14 09:02:53', NULL),
('MusicLand 18', 'API_KEY_018_PL7BBE5CNH', 10, 'active', '2024-01-06 06:58:16', '2024-01-06 06:58:16', NULL),
('FashionHub 19', 'API_KEY_019_N7OWMTT7FO', 78, 'active', '2024-01-01 02:19:40', '2024-01-01 02:19:40', NULL),
('BookWorld 20', 'API_KEY_020_0Q4HCR3HEL', 4, 'pending', '2024-01-17 09:58:20', '2024-01-17 09:58:20', NULL),
('AutoParts 21', 'API_KEY_021_LDX5PDUQU5', 26, 'active', '2024-01-08 02:24:56', '2024-01-08 02:24:56', NULL),
('BookWorld 22', 'API_KEY_022_MEPLLD597A', 39, 'active', '2024-01-13 07:19:05', '2024-01-13 07:19:05', NULL),
('BeautyShop 23', 'API_KEY_023_4AJHQRSUDK', 21, 'active', '2024-01-29 15:45:47', '2024-01-29 15:45:47', NULL),
('MusicLand 24', 'API_KEY_024_DQWITYXNBD', 12, 'active', '2024-01-09 20:03:20', '2024-01-09 20:03:20', NULL),
('ToyKingdom 25', 'API_KEY_025_THR42BB7Y5', 30, 'pending', '2024-01-27 01:22:37', '2024-01-27 01:22:37', NULL),
('AutoParts 26', 'API_KEY_026_GQMN0FHUVJ', 64, 'active', '2024-01-21 03:30:22', '2024-01-21 03:30:22', NULL),
('FoodMart 27', 'API_KEY_027_BWC205AIYB', 10, 'active', '2024-01-18 12:29:52', '2024-01-18 12:29:52', NULL),
('TechStore 28', 'API_KEY_028_1RO84NRSB9', 19, 'active', '2024-01-19 23:56:10', '2024-01-19 23:56:10', NULL),
('AutoParts 29', 'API_KEY_029_VPAT45QWD8', 1, 'active', '2024-01-27 07:07:30', '2024-01-27 07:07:30', NULL),
('FashionHub 30', 'API_KEY_030_LWII713W0A', 58, 'pending', '2024-01-24 22:29:16', '2024-01-24 22:29:16', NULL),
('ToyKingdom 31', 'API_KEY_031_WY2SVYG8VR', 56, 'active', '2024-01-26 01:36:47', '2024-01-26 01:36:47', NULL),
('GameZone 32', 'API_KEY_032_VH1QQ8FU4F', 46, 'active', '2024-01-12 23:09:17', '2024-01-12 23:09:17', NULL),
('MusicLand 33', 'API_KEY_033_281XKADDQI', 46, 'active', '2024-01-18 08:35:16', '2024-01-18 08:35:16', NULL),
('ElectronicsPlus 34', 'API_KEY_034_NKXJB68GT1', 81, 'active', '2024-01-17 01:44:40', '2024-01-17 01:44:40', NULL),
('GameZone 35', 'API_KEY_035_K9W9ZAWJDL', 18, 'pending', '2024-01-20 19:16:31', '2024-01-20 19:16:31', NULL),
('MusicLand 36', 'API_KEY_036_8QA978SD50', 70, 'active', '2024-01-27 22:20:22', '2024-01-27 22:20:22', NULL),
('ElectronicsPlus 37', 'API_KEY_037_IIJO86QEA9', 96, 'active', '2024-01-03 20:25:45', '2024-01-03 20:25:45', NULL),
('MusicLand 38', 'API_KEY_038_47L3U2OQAC', 65, 'active', '2024-01-02 09:03:48', '2024-01-02 09:03:48', NULL),
('FoodMart 39', 'API_KEY_039_H7R7L9NI95', 61, 'active', '2024-01-19 01:58:15', '2024-01-19 01:58:15', NULL),
('HomeDecor 40', 'API_KEY_040_WXB44N5FOG', 16, 'pending', '2024-01-23 03:56:33', '2024-01-23 03:56:33', NULL);

INSERT INTO saldos (card_number, total_balance, withdraw_amount, withdraw_time, created_at, updated_at, deleted_at) VALUES
('4708072818315764', 30554501, 0, '2024-01-01 00:00:00', '2024-01-01 00:00:00', '2024-01-01 00:00:00', NULL),
('4994308660018760', 22512750, 0, '2024-01-01 00:00:00', '2024-01-01 00:00:00', '2024-01-01 00:00:00', NULL),
('5953686363953094', 38296924, 0, '2024-01-01 00:00:00', '2024-01-01 00:00:00', '2024-01-01 00:00:00', NULL),
('5721475030458954', 16598453, 0, '2024-01-01 00:00:00', '2024-01-01 00:00:00', '2024-01-01 00:00:00', NULL),
('4900558817197729', 39195898, 0, '2024-01-01 00:00:00', '2024-01-01 00:00:00', '2024-01-01 00:00:00', NULL),
('4172896263366055', 15470549, 0, '2024-01-01 00:00:00', '2024-01-01 00:00:00', '2024-01-01 00:00:00', NULL),
('4769547032029793', 15171721, 0, '2024-01-01 00:00:00', '2024-01-01 00:00:00', '2024-01-01 00:00:00', NULL),
('5120566932021172', 37747797, 0, '2024-01-01 00:00:00', '2024-01-01 00:00:00', '2024-01-01 00:00:00', NULL),
('5042438916839901', 15014011, 0, '2024-01-01 00:00:00', '2024-01-01 00:00:00', '2024-01-01 00:00:00', NULL),
('4996225570013757', 11897846, 0, '2024-01-01 00:00:00', '2024-01-01 00:00:00', '2024-01-01 00:00:00', NULL),
('5003856053069789', 21050663, 0, '2024-01-01 00:00:00', '2024-01-01 00:00:00', '2024-01-01 00:00:00', NULL),
('5933872061493882', 14028523, 0, '2024-01-01 00:00:00', '2024-01-01 00:00:00', '2024-01-01 00:00:00', NULL),
('5302353954973048', 1225334, 0, '2024-01-01 00:00:00', '2024-01-01 00:00:00', '2024-01-01 00:00:00', NULL),
('5423462305749270', 12452118, 0, '2024-01-01 00:00:00', '2024-01-01 00:00:00', '2024-01-01 00:00:00', NULL),
('5668765756085412', 21600227, 0, '2024-01-01 00:00:00', '2024-01-01 00:00:00', '2024-01-01 00:00:00', NULL),
('5579924924485823', 24711442, 0, '2024-01-01 00:00:00', '2024-01-01 00:00:00', '2024-01-01 00:00:00', NULL),
('4069300393960968', 29473110, 0, '2024-01-01 00:00:00', '2024-01-01 00:00:00', '2024-01-01 00:00:00', NULL),
('4779574621279759', 19230865, 0, '2024-01-01 00:00:00', '2024-01-01 00:00:00', '2024-01-01 00:00:00', NULL),
('4781337294662707', 24558774, 0, '2024-01-01 00:00:00', '2024-01-01 00:00:00', '2024-01-01 00:00:00', NULL),
('4823175517411663', 41594511, 0, '2024-01-01 00:00:00', '2024-01-01 00:00:00', '2024-01-01 00:00:00', NULL),
('5809686892768895', 29509384, 0, '2024-01-01 00:00:00', '2024-01-01 00:00:00', '2024-01-01 00:00:00', NULL),
('4965442810113673', 38751233, 0, '2024-01-01 00:00:00', '2024-01-01 00:00:00', '2024-01-01 00:00:00', NULL),
('4318281599762979', 27017730, 0, '2024-01-01 00:00:00', '2024-01-01 00:00:00', '2024-01-01 00:00:00', NULL),
('4268313001375019', 9889917, 0, '2024-01-01 00:00:00', '2024-01-01 00:00:00', '2024-01-01 00:00:00', NULL),
('4960424488155260', 27833441, 0, '2024-01-01 00:00:00', '2024-01-01 00:00:00', '2024-01-01 00:00:00', NULL),
('5657075696633287', 45243459, 0, '2024-01-01 00:00:00', '2024-01-01 00:00:00', '2024-01-01 00:00:00', NULL),
('4634445494633763', 48006589, 0, '2024-01-01 00:00:00', '2024-01-01 00:00:00', '2024-01-01 00:00:00', NULL),
('4795902181884207', 10011909, 0, '2024-01-01 00:00:00', '2024-01-01 00:00:00', '2024-01-01 00:00:00', NULL),
('4273557153026338', 14562250, 0, '2024-01-01 00:00:00', '2024-01-01 00:00:00', '2024-01-01 00:00:00', NULL),
('5067837563018801', 42353724, 0, '2024-01-01 00:00:00', '2024-01-01 00:00:00', '2024-01-01 00:00:00', NULL),
('5775325216212065', 17244688, 0, '2024-01-01 00:00:00', '2024-01-01 00:00:00', '2024-01-01 00:00:00', NULL),
('4554874831250092', 14770220, 0, '2024-01-01 00:00:00', '2024-01-01 00:00:00', '2024-01-01 00:00:00', NULL),
('5297105429529523', 28707796, 0, '2024-01-01 00:00:00', '2024-01-01 00:00:00', '2024-01-01 00:00:00', NULL),
('5237173782499853', 18680176, 0, '2024-01-01 00:00:00', '2024-01-01 00:00:00', '2024-01-01 00:00:00', NULL),
('5759325684901573', 2785916, 0, '2024-01-01 00:00:00', '2024-01-01 00:00:00', '2024-01-01 00:00:00', NULL),
('4118704166397728', 13430072, 0, '2024-01-01 00:00:00', '2024-01-01 00:00:00', '2024-01-01 00:00:00', NULL),
('5469742463169517', 18471752, 0, '2024-01-01 00:00:00', '2024-01-01 00:00:00', '2024-01-01 00:00:00', NULL),
('4231336688877601', 18987532, 0, '2024-01-01 00:00:00', '2024-01-01 00:00:00', '2024-01-01 00:00:00', NULL),
('4499654738095322', 32613785, 0, '2024-01-01 00:00:00', '2024-01-01 00:00:00', '2024-01-01 00:00:00', NULL),
('5305277213462852', 10174693, 0, '2024-01-01 00:00:00', '2024-01-01 00:00:00', '2024-01-01 00:00:00', NULL),
('4867448948901547', 31630422, 0, '2024-01-01 00:00:00', '2024-01-01 00:00:00', '2024-01-01 00:00:00', NULL),
('4363120982986177', 44174134, 0, '2024-01-01 00:00:00', '2024-01-01 00:00:00', '2024-01-01 00:00:00', NULL),
('4208411892620314', 49749644, 0, '2024-01-01 00:00:00', '2024-01-01 00:00:00', '2024-01-01 00:00:00', NULL),
('5880469498387426', 9116588, 0, '2024-01-01 00:00:00', '2024-01-01 00:00:00', '2024-01-01 00:00:00', NULL),
('5587173751187200', 36180475, 0, '2024-01-01 00:00:00', '2024-01-01 00:00:00', '2024-01-01 00:00:00', NULL),
('4496630895775631', 11357046, 0, '2024-01-01 00:00:00', '2024-01-01 00:00:00', '2024-01-01 00:00:00', NULL),
('4598521835392346', 14559933, 0, '2024-01-01 00:00:00', '2024-01-01 00:00:00', '2024-01-01 00:00:00', NULL),
('4582249327797490', 15250509, 0, '2024-01-01 00:00:00', '2024-01-01 00:00:00', '2024-01-01 00:00:00', NULL),
('5105943003842035', 1011245, 0, '2024-01-01 00:00:00', '2024-01-01 00:00:00', '2024-01-01 00:00:00', NULL),
('5315208939785996', 17470165, 0, '2024-01-01 00:00:00', '2024-01-01 00:00:00', '2024-01-01 00:00:00', NULL),
('4598973652805996', 6446347, 0, '2024-01-01 00:00:00', '2024-01-01 00:00:00', '2024-01-01 00:00:00', NULL),
('5106230637952535', 26995148, 0, '2024-01-01 00:00:00', '2024-01-01 00:00:00', '2024-01-01 00:00:00', NULL),
('4864147316385453', 28040845, 0, '2024-01-01 00:00:00', '2024-01-01 00:00:00', '2024-01-01 00:00:00', NULL),
('4445916980986117', 45062993, 0, '2024-01-01 00:00:00', '2024-01-01 00:00:00', '2024-01-01 00:00:00', NULL),
('5680438782062330', 7106790, 0, '2024-01-01 00:00:00', '2024-01-01 00:00:00', '2024-01-01 00:00:00', NULL),
('5473499729415392', 16103900, 0, '2024-01-01 00:00:00', '2024-01-01 00:00:00', '2024-01-01 00:00:00', NULL),
('5560032541703049', 47480194, 0, '2024-01-01 00:00:00', '2024-01-01 00:00:00', '2024-01-01 00:00:00', NULL),
('5591612424729274', 27227897, 0, '2024-01-01 00:00:00', '2024-01-01 00:00:00', '2024-01-01 00:00:00', NULL),
('5367316617196313', 13040133, 0, '2024-01-01 00:00:00', '2024-01-01 00:00:00', '2024-01-01 00:00:00', NULL),
('4436009692024353', 10313555, 0, '2024-01-01 00:00:00', '2024-01-01 00:00:00', '2024-01-01 00:00:00', NULL),
('4912686042701825', 35059910, 0, '2024-01-01 00:00:00', '2024-01-01 00:00:00', '2024-01-01 00:00:00', NULL),
('5896020696123217', 36692121, 0, '2024-01-01 00:00:00', '2024-01-01 00:00:00', '2024-01-01 00:00:00', NULL),
('4786675057375676', 27008424, 0, '2024-01-01 00:00:00', '2024-01-01 00:00:00', '2024-01-01 00:00:00', NULL),
('5566055915055870', 11161215, 0, '2024-01-01 00:00:00', '2024-01-01 00:00:00', '2024-01-01 00:00:00', NULL),
('5795295094965605', 38901575, 0, '2024-01-01 00:00:00', '2024-01-01 00:00:00', '2024-01-01 00:00:00', NULL),
('5928959774832614', 19036938, 0, '2024-01-01 00:00:00', '2024-01-01 00:00:00', '2024-01-01 00:00:00', NULL),
('4396154380523064', 20198146, 0, '2024-01-01 00:00:00', '2024-01-01 00:00:00', '2024-01-01 00:00:00', NULL),
('4318079957870894', 21169392, 0, '2024-01-01 00:00:00', '2024-01-01 00:00:00', '2024-01-01 00:00:00', NULL),
('4755014457035066', 16972204, 0, '2024-01-01 00:00:00', '2024-01-01 00:00:00', '2024-01-01 00:00:00', NULL),
('4760197759190917', 46578040, 0, '2024-01-01 00:00:00', '2024-01-01 00:00:00', '2024-01-01 00:00:00', NULL),
('4365535280265646', 10022445, 0, '2024-01-01 00:00:00', '2024-01-01 00:00:00', '2024-01-01 00:00:00', NULL),
('5097975811087015', 19530733, 0, '2024-01-01 00:00:00', '2024-01-01 00:00:00', '2024-01-01 00:00:00', NULL),
('4001154059686158', 40263769, 0, '2024-01-01 00:00:00', '2024-01-01 00:00:00', '2024-01-01 00:00:00', NULL),
('4247053058701363', 31992760, 0, '2024-01-01 00:00:00', '2024-01-01 00:00:00', '2024-01-01 00:00:00', NULL),
('4513209488722815', 47432122, 0, '2024-01-01 00:00:00', '2024-01-01 00:00:00', '2024-01-01 00:00:00', NULL),
('4953965868863726', 10921899, 0, '2024-01-01 00:00:00', '2024-01-01 00:00:00', '2024-01-01 00:00:00', NULL),
('4719356013822091', 29713867, 0, '2024-01-01 00:00:00', '2024-01-01 00:00:00', '2024-01-01 00:00:00', NULL),
('4653060970237276', 31884928, 0, '2024-01-01 00:00:00', '2024-01-01 00:00:00', '2024-01-01 00:00:00', NULL),
('4635474012743250', 29553042, 0, '2024-01-01 00:00:00', '2024-01-01 00:00:00', '2024-01-01 00:00:00', NULL),
('5063294709956103', 36612492, 0, '2024-01-01 00:00:00', '2024-01-01 00:00:00', '2024-01-01 00:00:00', NULL),
('4233243450965894', 12189154, 0, '2024-01-01 00:00:00', '2024-01-01 00:00:00', '2024-01-01 00:00:00', NULL),
('5360982194783244', 41051476, 0, '2024-01-01 00:00:00', '2024-01-01 00:00:00', '2024-01-01 00:00:00', NULL),
('4277251322184980', 14088708, 0, '2024-01-01 00:00:00', '2024-01-01 00:00:00', '2024-01-01 00:00:00', NULL),
('4485821326750532', 27220514, 0, '2024-01-01 00:00:00', '2024-01-01 00:00:00', '2024-01-01 00:00:00', NULL),
('4965218786259795', 36786221, 0, '2024-01-01 00:00:00', '2024-01-01 00:00:00', '2024-01-01 00:00:00', NULL),
('4090730346349701', 48484334, 0, '2024-01-01 00:00:00', '2024-01-01 00:00:00', '2024-01-01 00:00:00', NULL),
('4262561786303580', 33262706, 0, '2024-01-01 00:00:00', '2024-01-01 00:00:00', '2024-01-01 00:00:00', NULL),
('5441608889282109', 26012572, 0, '2024-01-01 00:00:00', '2024-01-01 00:00:00', '2024-01-01 00:00:00', NULL),
('5124919742119578', 32124996, 0, '2024-01-01 00:00:00', '2024-01-01 00:00:00', '2024-01-01 00:00:00', NULL),
('4651822459085005', 2185627, 0, '2024-01-01 00:00:00', '2024-01-01 00:00:00', '2024-01-01 00:00:00', NULL),
('5789800772075512', 44019319, 0, '2024-01-01 00:00:00', '2024-01-01 00:00:00', '2024-01-01 00:00:00', NULL),
('4024322367068695', 23003237, 0, '2024-01-01 00:00:00', '2024-01-01 00:00:00', '2024-01-01 00:00:00', NULL),
('4885373614965001', 37903370, 0, '2024-01-01 00:00:00', '2024-01-01 00:00:00', '2024-01-01 00:00:00', NULL),
('4698759731552310', 38193190, 0, '2024-01-01 00:00:00', '2024-01-01 00:00:00', '2024-01-01 00:00:00', NULL),
('5984718416696479', 39249079, 0, '2024-01-01 00:00:00', '2024-01-01 00:00:00', '2024-01-01 00:00:00', NULL),
('4637432150064434', 12723918, 0, '2024-01-01 00:00:00', '2024-01-01 00:00:00', '2024-01-01 00:00:00', NULL),
('5947072590311527', 9267047, 0, '2024-01-01 00:00:00', '2024-01-01 00:00:00', '2024-01-01 00:00:00', NULL),
('4269328821180661', 33167119, 0, '2024-01-01 00:00:00', '2024-01-01 00:00:00', '2024-01-01 00:00:00', NULL),
('4821614334704454', 26745862, 0, '2024-01-01 00:00:00', '2024-01-01 00:00:00', '2024-01-01 00:00:00', NULL),
('4227830385145808', 49997245, 0, '2024-01-01 00:00:00', '2024-01-01 00:00:00', '2024-01-01 00:00:00', NULL),
('4508096686324737', 15951541, 0, '2024-01-01 00:00:00', '2024-01-01 00:00:00', '2024-01-01 00:00:00', NULL),
('4803699248521691', 41156997, 0, '2024-01-01 00:00:00', '2024-01-01 00:00:00', '2024-01-01 00:00:00', NULL),
('5767481107035866', 14330736, 0, '2024-01-01 00:00:00', '2024-01-01 00:00:00', '2024-01-01 00:00:00', NULL),
('5205696695448517', 34736797, 0, '2024-01-01 00:00:00', '2024-01-01 00:00:00', '2024-01-01 00:00:00', NULL),
('4307731388488603', 1973414, 0, '2024-01-01 00:00:00', '2024-01-01 00:00:00', '2024-01-01 00:00:00', NULL),
('5267577711813564', 34126508, 0, '2024-01-01 00:00:00', '2024-01-01 00:00:00', '2024-01-01 00:00:00', NULL),
('4865961216663202', 2101221, 0, '2024-01-01 00:00:00', '2024-01-01 00:00:00', '2024-01-01 00:00:00', NULL),
('5464136601857392', 23960588, 0, '2024-01-01 00:00:00', '2024-01-01 00:00:00', '2024-01-01 00:00:00', NULL),
('4895748511427302', 18648047, 0, '2024-01-01 00:00:00', '2024-01-01 00:00:00', '2024-01-01 00:00:00', NULL),
('5180388771359866', 5430757, 0, '2024-01-01 00:00:00', '2024-01-01 00:00:00', '2024-01-01 00:00:00', NULL),
('4220087456045621', 15596164, 0, '2024-01-01 00:00:00', '2024-01-01 00:00:00', '2024-01-01 00:00:00', NULL),
('4210517963981929', 21725570, 0, '2024-01-01 00:00:00', '2024-01-01 00:00:00', '2024-01-01 00:00:00', NULL),
('4266136886175090', 5664571, 0, '2024-01-01 00:00:00', '2024-01-01 00:00:00', '2024-01-01 00:00:00', NULL),
('5460609530185165', 12382096, 0, '2024-01-01 00:00:00', '2024-01-01 00:00:00', '2024-01-01 00:00:00', NULL),
('4471447162187347', 28181980, 0, '2024-01-01 00:00:00', '2024-01-01 00:00:00', '2024-01-01 00:00:00', NULL),
('4841279137229260', 42148700, 0, '2024-01-01 00:00:00', '2024-01-01 00:00:00', '2024-01-01 00:00:00', NULL),
('4118558289633752', 44295077, 0, '2024-01-01 00:00:00', '2024-01-01 00:00:00', '2024-01-01 00:00:00', NULL),
('5700138167446882', 24890668, 0, '2024-01-01 00:00:00', '2024-01-01 00:00:00', '2024-01-01 00:00:00', NULL),
('5289435776689156', 38183634, 0, '2024-01-01 00:00:00', '2024-01-01 00:00:00', '2024-01-01 00:00:00', NULL),
('5087877770363133', 48766406, 0, '2024-01-01 00:00:00', '2024-01-01 00:00:00', '2024-01-01 00:00:00', NULL),
('5700431627087107', 20575280, 0, '2024-01-01 00:00:00', '2024-01-01 00:00:00', '2024-01-01 00:00:00', NULL),
('4492403137332378', 20911483, 0, '2024-01-01 00:00:00', '2024-01-01 00:00:00', '2024-01-01 00:00:00', NULL),
('5192050302634109', 8470729, 0, '2024-01-01 00:00:00', '2024-01-01 00:00:00', '2024-01-01 00:00:00', NULL),
('5661109340250118', 47512190, 0, '2024-01-01 00:00:00', '2024-01-01 00:00:00', '2024-01-01 00:00:00', NULL),
('5754558967072949', 31178260, 0, '2024-01-01 00:00:00', '2024-01-01 00:00:00', '2024-01-01 00:00:00', NULL),
('4169114265711698', 34165039, 0, '2024-01-01 00:00:00', '2024-01-01 00:00:00', '2024-01-01 00:00:00', NULL),
('5112470013191505', 12597019, 0, '2024-01-01 00:00:00', '2024-01-01 00:00:00', '2024-01-01 00:00:00', NULL),
('4748600244199414', 8510969, 0, '2024-01-01 00:00:00', '2024-01-01 00:00:00', '2024-01-01 00:00:00', NULL),
('4840540528546701', 37007189, 0, '2024-01-01 00:00:00', '2024-01-01 00:00:00', '2024-01-01 00:00:00', NULL),
('5180914961915787', 49430778, 0, '2024-01-01 00:00:00', '2024-01-01 00:00:00', '2024-01-01 00:00:00', NULL),
('4589536367137469', 45086587, 0, '2024-01-01 00:00:00', '2024-01-01 00:00:00', '2024-01-01 00:00:00', NULL),
('5082306339447576', 13586527, 0, '2024-01-01 00:00:00', '2024-01-01 00:00:00', '2024-01-01 00:00:00', NULL),
('5239428665003205', 21581111, 0, '2024-01-01 00:00:00', '2024-01-01 00:00:00', '2024-01-01 00:00:00', NULL),
('5501432657484256', 23377060, 0, '2024-01-01 00:00:00', '2024-01-01 00:00:00', '2024-01-01 00:00:00', NULL),
('4926438888790244', 5784591, 0, '2024-01-01 00:00:00', '2024-01-01 00:00:00', '2024-01-01 00:00:00', NULL),
('4443162801308279', 42923224, 0, '2024-01-01 00:00:00', '2024-01-01 00:00:00', '2024-01-01 00:00:00', NULL),
('4300323120583051', 8310533, 0, '2024-01-01 00:00:00', '2024-01-01 00:00:00', '2024-01-01 00:00:00', NULL),
('4324822130159257', 18662023, 0, '2024-01-01 00:00:00', '2024-01-01 00:00:00', '2024-01-01 00:00:00', NULL),
('5803175474695040', 15357147, 0, '2024-01-01 00:00:00', '2024-01-01 00:00:00', '2024-01-01 00:00:00', NULL),
('5495668156581601', 26464050, 0, '2024-01-01 00:00:00', '2024-01-01 00:00:00', '2024-01-01 00:00:00', NULL),
('5871631566414205', 8342143, 0, '2024-01-01 00:00:00', '2024-01-01 00:00:00', '2024-01-01 00:00:00', NULL),
('4691676990195106', 21820388, 0, '2024-01-01 00:00:00', '2024-01-01 00:00:00', '2024-01-01 00:00:00', NULL),
('5965295563474326', 33133498, 0, '2024-01-01 00:00:00', '2024-01-01 00:00:00', '2024-01-01 00:00:00', NULL),
('4807879451334390', 48000756, 0, '2024-01-01 00:00:00', '2024-01-01 00:00:00', '2024-01-01 00:00:00', NULL),
('4065291533699237', 25187591, 0, '2024-01-01 00:00:00', '2024-01-01 00:00:00', '2024-01-01 00:00:00', NULL),
('4123574623913134', 1322583, 0, '2024-01-01 00:00:00', '2024-01-01 00:00:00', '2024-01-01 00:00:00', NULL),
('4391365412541988', 41576914, 0, '2024-01-01 00:00:00', '2024-01-01 00:00:00', '2024-01-01 00:00:00', NULL),
('5795567736009817', 2505845, 0, '2024-01-01 00:00:00', '2024-01-01 00:00:00', '2024-01-01 00:00:00', NULL),
('4071516970113146', 31589384, 0, '2024-01-01 00:00:00', '2024-01-01 00:00:00', '2024-01-01 00:00:00', NULL),
('4500842850052411', 46759719, 0, '2024-01-01 00:00:00', '2024-01-01 00:00:00', '2024-01-01 00:00:00', NULL);

INSERT INTO transactions (card_number, amount, payment_method, merchant_id, transaction_time, status, created_at, updated_at, deleted_at) VALUES
('4885373614965001', 694685, 'wallet', 22, '2024-11-09 03:14:20', 'success', '2024-11-09 03:14:20', '2024-11-09 03:14:20', NULL),
('4496630895775631', 386382, 'card', 29, '2025-05-18 16:18:42', 'success', '2025-05-18 16:18:42', '2025-05-18 16:18:42', NULL),
('4598521835392346', 383206, 'card', 11, '2025-08-22 07:28:00', 'success', '2025-08-22 07:28:00', '2025-08-22 07:28:00', NULL),
('5953686363953094', 1881857, 'card', 30, '2025-03-02 16:08:04', 'pending', '2025-03-02 16:08:04', '2025-03-02 16:08:04', NULL),
('5360982194783244', 385728, 'wallet', 3, '2024-10-04 08:10:07', 'success', '2024-10-04 08:10:07', '2024-10-04 08:10:07', NULL),
('4965218786259795', 1061059, 'transfer', 7, '2026-03-02 05:43:11', 'success', '2026-03-02 05:43:11', '2026-03-02 05:43:11', NULL),
('5661109340250118', 597757, 'card', 13, '2025-07-06 11:09:26', 'success', '2025-07-06 11:09:26', '2025-07-06 11:09:26', NULL),
('4719356013822091', 1785097, 'card', 19, '2024-11-13 11:17:34', 'success', '2024-11-13 11:17:34', '2024-11-13 11:17:34', NULL),
('4885373614965001', 850429, 'transfer', 33, '2025-10-22 03:30:06', 'pending', '2025-10-22 03:30:06', '2025-10-22 03:30:06', NULL),
('4262561786303580', 1503247, 'wallet', 23, '2026-02-22 20:44:37', 'pending', '2026-02-22 20:44:37', '2026-02-22 20:44:37', NULL),
('5305277213462852', 277144, 'transfer', 38, '2025-01-21 01:23:29', 'failed', '2025-01-21 01:23:29', '2025-01-21 01:23:29', NULL),
('5947072590311527', 1450903, 'wallet', 30, '2025-08-05 21:52:20', 'success', '2025-08-05 21:52:20', '2025-08-05 21:52:20', NULL),
('5560032541703049', 291671, 'card', 38, '2025-04-08 12:46:34', 'success', '2025-04-08 12:46:34', '2025-04-08 12:46:34', NULL),
('4499654738095322', 641198, 'transfer', 1, '2025-06-01 19:57:12', 'failed', '2025-06-01 19:57:12', '2025-06-01 19:57:12', NULL),
('4867448948901547', 1765624, 'wallet', 2, '2025-11-20 17:49:04', 'success', '2025-11-20 17:49:04', '2025-11-20 17:49:04', NULL),
('5180388771359866', 236979, 'transfer', 7, '2024-08-26 13:20:24', 'pending', '2024-08-26 13:20:24', '2024-08-26 13:20:24', NULL),
('5003856053069789', 1800608, 'wallet', 4, '2024-10-18 18:16:01', 'success', '2024-10-18 18:16:01', '2024-10-18 18:16:01', NULL),
('4781337294662707', 1437829, 'wallet', 37, '2024-06-11 06:50:26', 'failed', '2024-06-11 06:50:26', '2024-06-11 06:50:26', NULL),
('4635474012743250', 1786153, 'wallet', 8, '2025-03-01 15:52:08', 'success', '2025-03-01 15:52:08', '2025-03-01 15:52:08', NULL),
('5759325684901573', 1713755, 'card', 25, '2025-12-10 15:13:31', 'success', '2025-12-10 15:13:31', '2025-12-10 15:13:31', NULL),
('4965218786259795', 1243594, 'wallet', 6, '2025-03-04 14:57:49', 'pending', '2025-03-04 14:57:49', '2025-03-04 14:57:49', NULL),
('5469742463169517', 687167, 'transfer', 11, '2025-04-19 06:52:25', 'success', '2025-04-19 06:52:25', '2025-04-19 06:52:25', NULL),
('4926438888790244', 591293, 'wallet', 32, '2026-01-28 14:32:42', 'failed', '2026-01-28 14:32:42', '2026-01-28 14:32:42', NULL),
('4691676990195106', 991281, 'wallet', 32, '2026-03-30 23:07:59', 'success', '2026-03-30 23:07:59', '2026-03-30 23:07:59', NULL),
('4786675057375676', 208101, 'card', 39, '2024-08-27 02:38:25', 'failed', '2024-08-27 02:38:25', '2024-08-27 02:38:25', NULL),
('4779574621279759', 1971386, 'card', 12, '2025-07-11 15:46:11', 'success', '2025-07-11 15:46:11', '2025-07-11 15:46:11', NULL),
('4471447162187347', 664056, 'card', 11, '2025-01-03 04:38:00', 'failed', '2025-01-03 04:38:00', '2025-01-03 04:38:00', NULL),
('4065291533699237', 1279805, 'transfer', 3, '2025-10-06 15:52:07', 'success', '2025-10-06 15:52:07', '2025-10-06 15:52:07', NULL),
('5082306339447576', 1598783, 'transfer', 34, '2025-02-11 04:03:05', 'success', '2025-02-11 04:03:05', '2025-02-11 04:03:05', NULL),
('4071516970113146', 1120414, 'transfer', 18, '2024-06-02 09:51:12', 'success', '2024-06-02 09:51:12', '2024-06-02 09:51:12', NULL),
('4965442810113673', 384346, 'wallet', 8, '2024-11-20 03:43:35', 'success', '2024-11-20 03:43:35', '2024-11-20 03:43:35', NULL),
('4247053058701363', 182272, 'card', 2, '2024-10-16 02:27:00', 'failed', '2024-10-16 02:27:00', '2024-10-16 02:27:00', NULL),
('5668765756085412', 284521, 'card', 27, '2025-01-13 21:38:40', 'pending', '2025-01-13 21:38:40', '2025-01-13 21:38:40', NULL),
('4803699248521691', 1519043, 'wallet', 5, '2025-06-27 06:22:12', 'success', '2025-06-27 06:22:12', '2025-06-27 06:22:12', NULL),
('4755014457035066', 523046, 'card', 10, '2024-07-11 02:35:35', 'pending', '2024-07-11 02:35:35', '2024-07-11 02:35:35', NULL),
('4760197759190917', 1458359, 'transfer', 35, '2026-03-21 11:09:37', 'success', '2026-03-21 11:09:37', '2026-03-21 11:09:37', NULL),
('5871631566414205', 921643, 'wallet', 3, '2026-01-27 05:02:19', 'failed', '2026-01-27 05:02:19', '2026-01-27 05:02:19', NULL),
('4123574623913134', 655972, 'transfer', 7, '2025-08-06 10:00:37', 'success', '2025-08-06 10:00:37', '2025-08-06 10:00:37', NULL),
('4598973652805996', 1580490, 'wallet', 24, '2025-03-28 00:55:57', 'pending', '2025-03-28 00:55:57', '2025-03-28 00:55:57', NULL),
('5803175474695040', 19612, 'card', 40, '2025-02-17 11:47:11', 'pending', '2025-02-17 11:47:11', '2025-02-17 11:47:11', NULL),
('5106230637952535', 1545378, 'transfer', 34, '2025-01-10 15:07:20', 'failed', '2025-01-10 15:07:20', '2025-01-10 15:07:20', NULL),
('5423462305749270', 1092981, 'card', 15, '2024-12-25 11:53:13', 'success', '2024-12-25 11:53:13', '2024-12-25 11:53:13', NULL),
('5360982194783244', 1486599, 'transfer', 21, '2024-11-27 02:57:02', 'success', '2024-11-27 02:57:02', '2024-11-27 02:57:02', NULL),
('4268313001375019', 456956, 'wallet', 20, '2025-02-12 20:16:58', 'success', '2025-02-12 20:16:58', '2025-02-12 20:16:58', NULL),
('4024322367068695', 1749541, 'card', 14, '2025-12-07 04:16:46', 'success', '2025-12-07 04:16:46', '2025-12-07 04:16:46', NULL),
('5754558967072949', 1972507, 'card', 2, '2024-09-04 08:29:41', 'failed', '2024-09-04 08:29:41', '2024-09-04 08:29:41', NULL),
('4589536367137469', 299178, 'card', 12, '2026-01-05 05:56:38', 'pending', '2026-01-05 05:56:38', '2026-01-05 05:56:38', NULL),
('5180914961915787', 127919, 'wallet', 8, '2024-12-27 00:10:21', 'pending', '2024-12-27 00:10:21', '2024-12-27 00:10:21', NULL),
('5668765756085412', 1927019, 'card', 37, '2025-04-21 08:04:43', 'failed', '2025-04-21 08:04:43', '2025-04-21 08:04:43', NULL),
('4841279137229260', 806996, 'transfer', 20, '2025-04-25 00:58:55', 'success', '2025-04-25 00:58:55', '2025-04-25 00:58:55', NULL),
('4582249327797490', 550607, 'transfer', 33, '2024-11-11 20:33:08', 'success', '2024-11-11 20:33:08', '2024-11-11 20:33:08', NULL),
('5495668156581601', 1639531, 'card', 25, '2025-07-27 02:34:39', 'failed', '2025-07-27 02:34:39', '2025-07-27 02:34:39', NULL),
('4262561786303580', 1996854, 'wallet', 32, '2024-07-27 21:39:53', 'success', '2024-07-27 21:39:53', '2024-07-27 21:39:53', NULL),
('5082306339447576', 733065, 'card', 40, '2024-12-23 17:36:16', 'failed', '2024-12-23 17:36:16', '2024-12-23 17:36:16', NULL),
('5289435776689156', 888375, 'wallet', 23, '2024-08-06 21:07:56', 'success', '2024-08-06 21:07:56', '2024-08-06 21:07:56', NULL),
('5579924924485823', 858735, 'card', 37, '2025-07-29 11:48:50', 'success', '2025-07-29 11:48:50', '2025-07-29 11:48:50', NULL),
('5423462305749270', 126299, 'wallet', 33, '2025-05-02 17:48:01', 'success', '2025-05-02 17:48:01', '2025-05-02 17:48:01', NULL),
('5180914961915787', 1187174, 'card', 10, '2024-09-27 11:54:46', 'success', '2024-09-27 11:54:46', '2024-09-27 11:54:46', NULL),
('4500842850052411', 1085939, 'wallet', 38, '2025-09-27 01:01:26', 'failed', '2025-09-27 01:01:26', '2025-09-27 01:01:26', NULL),
('4277251322184980', 1028997, 'wallet', 18, '2026-04-18 08:37:09', 'failed', '2026-04-18 08:37:09', '2026-04-18 08:37:09', NULL),
('5239428665003205', 881449, 'transfer', 7, '2025-08-20 20:15:39', 'success', '2025-08-20 20:15:39', '2025-08-20 20:15:39', NULL),
('4653060970237276', 1199506, 'card', 7, '2024-07-11 23:27:51', 'success', '2024-07-11 23:27:51', '2024-07-11 23:27:51', NULL),
('4485821326750532', 1403828, 'wallet', 2, '2025-08-11 07:12:25', 'pending', '2025-08-11 07:12:25', '2025-08-11 07:12:25', NULL),
('4247053058701363', 892146, 'card', 36, '2026-02-19 10:27:39', 'failed', '2026-02-19 10:27:39', '2026-02-19 10:27:39', NULL),
('4807879451334390', 1485062, 'wallet', 8, '2024-08-03 03:04:49', 'pending', '2024-08-03 03:04:49', '2024-08-03 03:04:49', NULL),
('5566055915055870', 687568, 'card', 12, '2024-07-21 04:02:57', 'success', '2024-07-21 04:02:57', '2024-07-21 04:02:57', NULL),
('4994308660018760', 1809952, 'wallet', 34, '2025-08-16 22:59:05', 'success', '2025-08-16 22:59:05', '2025-08-16 22:59:05', NULL),
('4024322367068695', 1895074, 'transfer', 21, '2024-11-16 17:59:27', 'pending', '2024-11-16 17:59:27', '2024-11-16 17:59:27', NULL),
('4840540528546701', 191708, 'transfer', 24, '2024-07-12 07:35:27', 'success', '2024-07-12 07:35:27', '2024-07-12 07:35:27', NULL),
('5087877770363133', 32282, 'wallet', 16, '2024-09-12 12:27:10', 'success', '2024-09-12 12:27:10', '2024-09-12 12:27:10', NULL),
('5767481107035866', 251007, 'card', 12, '2025-09-20 10:29:21', 'success', '2025-09-20 10:29:21', '2025-09-20 10:29:21', NULL),
('5105943003842035', 1588352, 'transfer', 8, '2024-08-09 10:53:49', 'success', '2024-08-09 10:53:49', '2024-08-09 10:53:49', NULL),
('4698759731552310', 642654, 'card', 18, '2024-10-16 13:32:29', 'success', '2024-10-16 13:32:29', '2024-10-16 13:32:29', NULL),
('4210517963981929', 1085400, 'transfer', 29, '2025-12-21 01:27:02', 'pending', '2025-12-21 01:27:02', '2025-12-21 01:27:02', NULL),
('4445916980986117', 602825, 'wallet', 37, '2024-06-22 11:45:37', 'success', '2024-06-22 11:45:37', '2024-06-22 11:45:37', NULL),
('4651822459085005', 1192674, 'wallet', 2, '2025-03-18 11:21:02', 'success', '2025-03-18 11:21:02', '2025-03-18 11:21:02', NULL),
('4865961216663202', 1679463, 'wallet', 34, '2024-08-01 12:09:04', 'pending', '2024-08-01 12:09:04', '2024-08-01 12:09:04', NULL),
('4508096686324737', 592838, 'card', 13, '2024-11-13 01:04:51', 'pending', '2024-11-13 01:04:51', '2024-11-13 01:04:51', NULL),
('5460609530185165', 118843, 'transfer', 26, '2024-06-18 14:17:21', 'failed', '2024-06-18 14:17:21', '2024-06-18 14:17:21', NULL),
('5495668156581601', 399734, 'wallet', 19, '2025-08-08 11:47:56', 'success', '2025-08-08 11:47:56', '2025-08-08 11:47:56', NULL),
('4513209488722815', 123697, 'transfer', 33, '2025-01-18 18:26:52', 'failed', '2025-01-18 18:26:52', '2025-01-18 18:26:52', NULL),
('4513209488722815', 1330767, 'wallet', 5, '2025-12-20 01:42:05', 'success', '2025-12-20 01:42:05', '2025-12-20 01:42:05', NULL),
('5668765756085412', 852760, 'transfer', 28, '2024-08-24 10:13:54', 'failed', '2024-08-24 10:13:54', '2024-08-24 10:13:54', NULL),
('4965218786259795', 1478722, 'card', 9, '2025-05-16 21:47:11', 'pending', '2025-05-16 21:47:11', '2025-05-16 21:47:11', NULL),
('4708072818315764', 1181658, 'card', 9, '2025-09-18 12:46:33', 'success', '2025-09-18 12:46:33', '2025-09-18 12:46:33', NULL),
('4247053058701363', 860878, 'transfer', 22, '2026-03-16 01:12:26', 'success', '2026-03-16 01:12:26', '2026-03-16 01:12:26', NULL),
('4492403137332378', 1604659, 'wallet', 30, '2025-05-29 06:29:34', 'failed', '2025-05-29 06:29:34', '2025-05-29 06:29:34', NULL),
('5105943003842035', 529951, 'transfer', 39, '2025-02-27 23:33:43', 'failed', '2025-02-27 23:33:43', '2025-02-27 23:33:43', NULL),
('5120566932021172', 1029122, 'transfer', 38, '2025-10-15 16:25:37', 'success', '2025-10-15 16:25:37', '2025-10-15 16:25:37', NULL),
('4307731388488603', 1659015, 'card', 26, '2025-07-21 09:02:32', 'failed', '2025-07-21 09:02:32', '2025-07-21 09:02:32', NULL),
('5120566932021172', 1318118, 'transfer', 8, '2026-02-04 18:10:10', 'pending', '2026-02-04 18:10:10', '2026-02-04 18:10:10', NULL),
('4300323120583051', 1256190, 'wallet', 12, '2025-09-15 22:47:45', 'success', '2025-09-15 22:47:45', '2025-09-15 22:47:45', NULL),
('4755014457035066', 1685367, 'card', 22, '2025-06-30 23:16:29', 'success', '2025-06-30 23:16:29', '2025-06-30 23:16:29', NULL),
('5124919742119578', 589941, 'wallet', 36, '2026-02-28 04:34:19', 'success', '2026-02-28 04:34:19', '2026-02-28 04:34:19', NULL),
('5587173751187200', 96461, 'transfer', 21, '2024-06-08 20:17:15', 'failed', '2024-06-08 20:17:15', '2024-06-08 20:17:15', NULL),
('5112470013191505', 1425879, 'wallet', 29, '2025-10-30 20:57:56', 'failed', '2025-10-30 20:57:56', '2025-10-30 20:57:56', NULL),
('5106230637952535', 1577014, 'wallet', 5, '2025-02-23 08:28:21', 'success', '2025-02-23 08:28:21', '2025-02-23 08:28:21', NULL),
('4823175517411663', 1716088, 'card', 36, '2025-07-21 17:15:44', 'failed', '2025-07-21 17:15:44', '2025-07-21 17:15:44', NULL),
('5896020696123217', 878987, 'transfer', 11, '2025-08-05 14:50:45', 'failed', '2025-08-05 14:50:45', '2025-08-05 14:50:45', NULL),
('4960424488155260', 1241275, 'wallet', 29, '2024-12-29 23:57:32', 'pending', '2024-12-29 23:57:32', '2024-12-29 23:57:32', NULL),
('4589536367137469', 1620486, 'transfer', 25, '2024-11-12 10:26:31', 'success', '2024-11-12 10:26:31', '2024-11-12 10:26:31', NULL),
('5087877770363133', 1926653, 'card', 38, '2025-03-14 21:55:46', 'success', '2025-03-14 21:55:46', '2025-03-14 21:55:46', NULL),
('4965442810113673', 341399, 'card', 28, '2026-02-11 16:47:36', 'pending', '2026-02-11 16:47:36', '2026-02-11 16:47:36', NULL),
('5097975811087015', 389430, 'transfer', 1, '2024-12-16 21:35:53', 'success', '2024-12-16 21:35:53', '2024-12-16 21:35:53', NULL),
('5473499729415392', 1444765, 'wallet', 15, '2025-10-10 20:02:53', 'success', '2025-10-10 20:02:53', '2025-10-10 20:02:53', NULL),
('5205696695448517', 593301, 'wallet', 13, '2025-08-10 09:05:24', 'failed', '2025-08-10 09:05:24', '2025-08-10 09:05:24', NULL),
('4436009692024353', 497495, 'transfer', 32, '2025-08-21 04:02:29', 'success', '2025-08-21 04:02:29', '2025-08-21 04:02:29', NULL),
('4965218786259795', 1300234, 'transfer', 1, '2024-11-08 10:16:08', 'success', '2024-11-08 10:16:08', '2024-11-08 10:16:08', NULL),
('5063294709956103', 773270, 'card', 30, '2025-04-15 04:33:47', 'failed', '2025-04-15 04:33:47', '2025-04-15 04:33:47', NULL),
('5097975811087015', 554602, 'transfer', 13, '2024-06-04 15:43:54', 'success', '2024-06-04 15:43:54', '2024-06-04 15:43:54', NULL),
('4795902181884207', 727547, 'wallet', 36, '2026-04-04 07:43:57', 'failed', '2026-04-04 07:43:57', '2026-04-04 07:43:57', NULL),
('4803699248521691', 1009419, 'transfer', 21, '2025-03-09 00:17:28', 'success', '2025-03-09 00:17:28', '2025-03-09 00:17:28', NULL),
('5754558967072949', 982547, 'wallet', 2, '2024-09-30 08:54:18', 'success', '2024-09-30 08:54:18', '2024-09-30 08:54:18', NULL),
('4867448948901547', 983021, 'wallet', 28, '2024-06-25 16:49:03', 'success', '2024-06-25 16:49:03', '2024-06-25 16:49:03', NULL),
('5501432657484256', 472817, 'transfer', 36, '2024-08-29 20:46:00', 'success', '2024-08-29 20:46:00', '2024-08-29 20:46:00', NULL),
('5668765756085412', 1566161, 'wallet', 4, '2025-07-05 13:24:50', 'pending', '2025-07-05 13:24:50', '2025-07-05 13:24:50', NULL),
('4208411892620314', 1632713, 'transfer', 11, '2025-07-06 15:46:59', 'success', '2025-07-06 15:46:59', '2025-07-06 15:46:59', NULL),
('5721475030458954', 478617, 'transfer', 10, '2024-07-02 19:35:49', 'success', '2024-07-02 19:35:49', '2024-07-02 19:35:49', NULL),
('4598521835392346', 958162, 'card', 14, '2024-12-01 10:56:24', 'pending', '2024-12-01 10:56:24', '2024-12-01 10:56:24', NULL),
('5560032541703049', 1541190, 'card', 34, '2025-05-04 01:53:09', 'success', '2025-05-04 01:53:09', '2025-05-04 01:53:09', NULL),
('5267577711813564', 74027, 'card', 38, '2025-09-08 10:32:31', 'success', '2025-09-08 10:32:31', '2025-09-08 10:32:31', NULL),
('4885373614965001', 1063457, 'transfer', 36, '2025-03-16 11:14:05', 'success', '2025-03-16 11:14:05', '2025-03-16 11:14:05', NULL),
('5587173751187200', 1089540, 'card', 9, '2026-04-06 15:55:21', 'pending', '2026-04-06 15:55:21', '2026-04-06 15:55:21', NULL),
('4233243450965894', 308034, 'card', 34, '2025-11-24 01:09:57', 'success', '2025-11-24 01:09:57', '2025-11-24 01:09:57', NULL),
('5067837563018801', 1546399, 'transfer', 5, '2026-03-18 02:22:07', 'success', '2026-03-18 02:22:07', '2026-03-18 02:22:07', NULL),
('4500842850052411', 1821651, 'transfer', 14, '2025-02-16 14:44:14', 'pending', '2025-02-16 14:44:14', '2025-02-16 14:44:14', NULL),
('4396154380523064', 1876137, 'wallet', 38, '2026-01-08 01:11:43', 'success', '2026-01-08 01:11:43', '2026-01-08 01:11:43', NULL),
('5700138167446882', 1823046, 'card', 23, '2025-12-29 20:39:29', 'success', '2025-12-29 20:39:29', '2025-12-29 20:39:29', NULL),
('5759325684901573', 53736, 'transfer', 10, '2025-09-10 07:40:53', 'pending', '2025-09-10 07:40:53', '2025-09-10 07:40:53', NULL),
('5464136601857392', 632633, 'transfer', 35, '2025-01-03 04:16:56', 'success', '2025-01-03 04:16:56', '2025-01-03 04:16:56', NULL),
('5809686892768895', 1504064, 'transfer', 14, '2024-11-22 07:52:36', 'pending', '2024-11-22 07:52:36', '2024-11-22 07:52:36', NULL),
('4001154059686158', 1934441, 'transfer', 31, '2024-11-13 12:28:25', 'success', '2024-11-13 12:28:25', '2024-11-13 12:28:25', NULL),
('4841279137229260', 1632981, 'card', 20, '2025-11-17 04:59:45', 'pending', '2025-11-17 04:59:45', '2025-11-17 04:59:45', NULL),
('4708072818315764', 398739, 'transfer', 1, '2024-12-18 03:19:43', 'failed', '2024-12-18 03:19:43', '2024-12-18 03:19:43', NULL),
('5105943003842035', 1095869, 'transfer', 32, '2025-02-02 03:32:10', 'success', '2025-02-02 03:32:10', '2025-02-02 03:32:10', NULL),
('5239428665003205', 1622788, 'wallet', 32, '2025-02-18 02:37:13', 'failed', '2025-02-18 02:37:13', '2025-02-18 02:37:13', NULL),
('5087877770363133', 1458549, 'card', 37, '2025-06-30 13:43:45', 'success', '2025-06-30 13:43:45', '2025-06-30 13:43:45', NULL),
('4365535280265646', 1948953, 'transfer', 20, '2024-08-18 01:32:49', 'success', '2024-08-18 01:32:49', '2024-08-18 01:32:49', NULL),
('5180388771359866', 169837, 'card', 25, '2026-02-16 05:43:19', 'success', '2026-02-16 05:43:19', '2026-02-16 05:43:19', NULL),
('5809686892768895', 881677, 'card', 4, '2024-06-26 10:54:49', 'failed', '2024-06-26 10:54:49', '2024-06-26 10:54:49', NULL),
('5360982194783244', 325983, 'wallet', 10, '2025-08-02 05:57:51', 'pending', '2025-08-02 05:57:51', '2025-08-02 05:57:51', NULL),
('4781337294662707', 1706606, 'card', 37, '2024-06-29 21:33:54', 'success', '2024-06-29 21:33:54', '2024-06-29 21:33:54', NULL),
('4436009692024353', 239732, 'card', 30, '2024-09-10 12:49:18', 'failed', '2024-09-10 12:49:18', '2024-09-10 12:49:18', NULL),
('4231336688877601', 490881, 'card', 25, '2025-05-22 22:26:06', 'pending', '2025-05-22 22:26:06', '2025-05-22 22:26:06', NULL),
('5947072590311527', 287545, 'transfer', 17, '2025-05-07 12:26:38', 'success', '2025-05-07 12:26:38', '2025-05-07 12:26:38', NULL),
('4172896263366055', 1953147, 'wallet', 22, '2024-07-04 09:39:02', 'failed', '2024-07-04 09:39:02', '2024-07-04 09:39:02', NULL),
('5953686363953094', 1805075, 'wallet', 18, '2025-04-26 23:40:47', 'failed', '2025-04-26 23:40:47', '2025-04-26 23:40:47', NULL),
('4318079957870894', 1886128, 'transfer', 24, '2024-08-02 23:20:19', 'success', '2024-08-02 23:20:19', '2024-08-02 23:20:19', NULL),
('4719356013822091', 1960672, 'wallet', 34, '2024-12-19 02:10:27', 'success', '2024-12-19 02:10:27', '2024-12-19 02:10:27', NULL),
('4994308660018760', 1012977, 'transfer', 40, '2025-05-24 19:26:24', 'pending', '2025-05-24 19:26:24', '2025-05-24 19:26:24', NULL),
('4090730346349701', 816879, 'wallet', 21, '2024-07-22 03:55:19', 'success', '2024-07-22 03:55:19', '2024-07-22 03:55:19', NULL),
('5928959774832614', 1943607, 'transfer', 25, '2025-12-24 21:16:14', 'success', '2025-12-24 21:16:14', '2025-12-24 21:16:14', NULL),
('4840540528546701', 155946, 'wallet', 18, '2025-01-01 13:07:36', 'success', '2025-01-01 13:07:36', '2025-01-01 13:07:36', NULL),
('5896020696123217', 999703, 'transfer', 22, '2026-03-28 11:31:22', 'success', '2026-03-28 11:31:22', '2026-03-28 11:31:22', NULL),
('5082306339447576', 664708, 'card', 29, '2024-09-16 14:56:54', 'pending', '2024-09-16 14:56:54', '2024-09-16 14:56:54', NULL),
('5441608889282109', 640219, 'card', 25, '2026-01-25 03:33:10', 'failed', '2026-01-25 03:33:10', '2026-01-25 03:33:10', NULL),
('5423462305749270', 1094414, 'wallet', 27, '2024-10-21 23:17:09', 'pending', '2024-10-21 23:17:09', '2024-10-21 23:17:09', NULL),
('5441608889282109', 1994549, 'transfer', 18, '2025-07-28 09:38:32', 'success', '2025-07-28 09:38:32', '2025-07-28 09:38:32', NULL),
('4277251322184980', 1139654, 'transfer', 39, '2024-12-24 15:37:22', 'success', '2024-12-24 15:37:22', '2024-12-24 15:37:22', NULL),
('4496630895775631', 1695936, 'transfer', 30, '2025-03-23 09:24:41', 'success', '2025-03-23 09:24:41', '2025-03-23 09:24:41', NULL),
('4365535280265646', 300224, 'wallet', 9, '2025-10-14 18:18:33', 'failed', '2025-10-14 18:18:33', '2025-10-14 18:18:33', NULL),
('4277251322184980', 1478278, 'transfer', 4, '2026-03-06 09:42:57', 'success', '2026-03-06 09:42:57', '2026-03-06 09:42:57', NULL),
('5180914961915787', 446328, 'transfer', 11, '2024-10-28 04:12:21', 'success', '2024-10-28 04:12:21', '2024-10-28 04:12:21', NULL),
('5460609530185165', 196070, 'card', 26, '2025-04-29 02:11:12', 'pending', '2025-04-29 02:11:12', '2025-04-29 02:11:12', NULL),
('4895748511427302', 91308, 'card', 31, '2025-12-20 05:29:54', 'success', '2025-12-20 05:29:54', '2025-12-20 05:29:54', NULL),
('4821614334704454', 330879, 'card', 4, '2024-10-24 16:24:40', 'failed', '2024-10-24 16:24:40', '2024-10-24 16:24:40', NULL),
('4365535280265646', 1218769, 'wallet', 6, '2025-08-06 16:15:20', 'pending', '2025-08-06 16:15:20', '2025-08-06 16:15:20', NULL),
('4653060970237276', 923726, 'transfer', 18, '2025-01-31 13:12:39', 'success', '2025-01-31 13:12:39', '2025-01-31 13:12:39', NULL),
('4719356013822091', 1279709, 'card', 1, '2025-03-04 04:21:07', 'failed', '2025-03-04 04:21:07', '2025-03-04 04:21:07', NULL),
('4965442810113673', 1709249, 'transfer', 22, '2025-09-29 17:44:09', 'success', '2025-09-29 17:44:09', '2025-09-29 17:44:09', NULL),
('5754558967072949', 29863, 'transfer', 38, '2026-01-08 22:51:05', 'success', '2026-01-08 22:51:05', '2026-01-08 22:51:05', NULL),
('4065291533699237', 289108, 'transfer', 29, '2025-06-16 05:04:58', 'pending', '2025-06-16 05:04:58', '2025-06-16 05:04:58', NULL),
('5566055915055870', 1333372, 'transfer', 8, '2024-11-07 02:04:45', 'failed', '2024-11-07 02:04:45', '2024-11-07 02:04:45', NULL),
('4220087456045621', 1085759, 'transfer', 18, '2026-01-29 04:18:15', 'success', '2026-01-29 04:18:15', '2026-01-29 04:18:15', NULL),
('4760197759190917', 1748842, 'card', 36, '2024-08-05 01:42:34', 'success', '2024-08-05 01:42:34', '2024-08-05 01:42:34', NULL),
('5928959774832614', 1915283, 'transfer', 20, '2025-04-17 03:04:10', 'success', '2025-04-17 03:04:10', '2025-04-17 03:04:10', NULL),
('4396154380523064', 972279, 'transfer', 18, '2026-01-30 18:57:41', 'failed', '2026-01-30 18:57:41', '2026-01-30 18:57:41', NULL),
('4864147316385453', 1209339, 'card', 24, '2025-08-18 20:30:28', 'success', '2025-08-18 20:30:28', '2025-08-18 20:30:28', NULL),
('4436009692024353', 1937140, 'card', 23, '2025-08-28 20:56:13', 'failed', '2025-08-28 20:56:13', '2025-08-28 20:56:13', NULL),
('4499654738095322', 875848, 'transfer', 3, '2025-01-31 02:57:56', 'pending', '2025-01-31 02:57:56', '2025-01-31 02:57:56', NULL),
('5495668156581601', 1460126, 'transfer', 17, '2026-01-03 11:37:23', 'success', '2026-01-03 11:37:23', '2026-01-03 11:37:23', NULL),
('5305277213462852', 1005223, 'card', 25, '2026-04-03 22:09:10', 'success', '2026-04-03 22:09:10', '2026-04-03 22:09:10', NULL),
('5501432657484256', 1418711, 'card', 3, '2025-07-02 01:49:55', 'pending', '2025-07-02 01:49:55', '2025-07-02 01:49:55', NULL),
('4965442810113673', 988621, 'card', 15, '2024-09-11 19:23:41', 'success', '2024-09-11 19:23:41', '2024-09-11 19:23:41', NULL),
('4634445494633763', 27812, 'transfer', 32, '2025-01-28 19:21:45', 'success', '2025-01-28 19:21:45', '2025-01-28 19:21:45', NULL),
('5953686363953094', 1382233, 'card', 5, '2026-03-08 04:56:41', 'success', '2026-03-08 04:56:41', '2026-03-08 04:56:41', NULL),
('5180914961915787', 699085, 'card', 17, '2024-06-18 01:35:05', 'pending', '2024-06-18 01:35:05', '2024-06-18 01:35:05', NULL),
('4069300393960968', 878217, 'card', 29, '2024-08-02 03:53:39', 'pending', '2024-08-02 03:53:39', '2024-08-02 03:53:39', NULL),
('4953965868863726', 823198, 'wallet', 1, '2025-08-29 10:31:06', 'pending', '2025-08-29 10:31:06', '2025-08-29 10:31:06', NULL),
('4391365412541988', 748073, 'transfer', 21, '2026-04-21 01:12:39', 'success', '2026-04-21 01:12:39', '2026-04-21 01:12:39', NULL),
('5423462305749270', 1575969, 'wallet', 18, '2025-12-26 03:07:03', 'success', '2025-12-26 03:07:03', '2025-12-26 03:07:03', NULL),
('5441608889282109', 1807054, 'transfer', 9, '2025-11-28 04:59:30', 'failed', '2025-11-28 04:59:30', '2025-11-28 04:59:30', NULL),
('5953686363953094', 557414, 'wallet', 18, '2026-02-24 19:24:53', 'pending', '2026-02-24 19:24:53', '2026-02-24 19:24:53', NULL),
('5003856053069789', 973965, 'card', 33, '2025-10-26 23:25:53', 'success', '2025-10-26 23:25:53', '2025-10-26 23:25:53', NULL),
('4900558817197729', 860668, 'wallet', 19, '2025-09-17 05:25:15', 'success', '2025-09-17 05:25:15', '2025-09-17 05:25:15', NULL),
('4247053058701363', 966611, 'transfer', 3, '2025-01-27 16:39:02', 'success', '2025-01-27 16:39:02', '2025-01-27 16:39:02', NULL),
('4391365412541988', 879031, 'wallet', 4, '2024-06-12 14:33:11', 'success', '2024-06-12 14:33:11', '2024-06-12 14:33:11', NULL),
('4365535280265646', 1846360, 'transfer', 15, '2025-05-24 12:06:19', 'pending', '2025-05-24 12:06:19', '2025-05-24 12:06:19', NULL),
('4445916980986117', 1205293, 'wallet', 29, '2026-03-09 18:24:15', 'success', '2026-03-09 18:24:15', '2026-03-09 18:24:15', NULL),
('5105943003842035', 575319, 'card', 25, '2025-10-06 21:14:17', 'success', '2025-10-06 21:14:17', '2025-10-06 21:14:17', NULL),
('4118704166397728', 540878, 'wallet', 3, '2025-06-28 06:41:33', 'failed', '2025-06-28 06:41:33', '2025-06-28 06:41:33', NULL),
('5360982194783244', 1272168, 'transfer', 12, '2026-03-21 00:25:03', 'success', '2026-03-21 00:25:03', '2026-03-21 00:25:03', NULL),
('5700138167446882', 1985185, 'card', 39, '2024-11-09 06:37:31', 'success', '2024-11-09 06:37:31', '2024-11-09 06:37:31', NULL),
('4755014457035066', 824229, 'wallet', 16, '2025-11-27 23:43:23', 'success', '2025-11-27 23:43:23', '2025-11-27 23:43:23', NULL),
('5871631566414205', 203196, 'card', 27, '2025-01-10 10:09:27', 'success', '2025-01-10 10:09:27', '2025-01-10 10:09:27', NULL),
('4996225570013757', 1296664, 'wallet', 36, '2025-03-06 17:47:14', 'success', '2025-03-06 17:47:14', '2025-03-06 17:47:14', NULL),
('4864147316385453', 671387, 'wallet', 33, '2024-06-27 18:00:15', 'success', '2024-06-27 18:00:15', '2024-06-27 18:00:15', NULL),
('4262561786303580', 1047426, 'wallet', 9, '2025-11-15 08:12:01', 'success', '2025-11-15 08:12:01', '2025-11-15 08:12:01', NULL),
('4698759731552310', 1190699, 'card', 2, '2024-06-11 20:54:30', 'success', '2024-06-11 20:54:30', '2024-06-11 20:54:30', NULL),
('4634445494633763', 1794612, 'wallet', 10, '2024-10-08 04:19:24', 'failed', '2024-10-08 04:19:24', '2024-10-08 04:19:24', NULL),
('5289435776689156', 323976, 'card', 40, '2025-03-31 04:48:13', 'success', '2025-03-31 04:48:13', '2025-03-31 04:48:13', NULL),
('4443162801308279', 421239, 'card', 35, '2026-03-04 08:47:23', 'success', '2026-03-04 08:47:23', '2026-03-04 08:47:23', NULL),
('4760197759190917', 1797751, 'wallet', 28, '2026-04-08 18:40:58', 'success', '2026-04-08 18:40:58', '2026-04-08 18:40:58', NULL),
('4513209488722815', 748314, 'transfer', 9, '2024-06-12 18:15:13', 'failed', '2024-06-12 18:15:13', '2024-06-12 18:15:13', NULL),
('5305277213462852', 1762042, 'wallet', 10, '2025-05-17 11:50:16', 'failed', '2025-05-17 11:50:16', '2025-05-17 11:50:16', NULL),
('4760197759190917', 1985467, 'wallet', 6, '2025-01-03 12:42:59', 'success', '2025-01-03 12:42:59', '2025-01-03 12:42:59', NULL),
('4912686042701825', 1134029, 'transfer', 36, '2025-10-17 22:07:08', 'success', '2025-10-17 22:07:08', '2025-10-17 22:07:08', NULL),
('5984718416696479', 1087915, 'wallet', 13, '2025-08-22 21:23:38', 'success', '2025-08-22 21:23:38', '2025-08-22 21:23:38', NULL),
('4118558289633752', 743588, 'card', 29, '2025-04-26 08:17:52', 'success', '2025-04-26 08:17:52', '2025-04-26 08:17:52', NULL),
('4169114265711698', 1632412, 'transfer', 10, '2026-03-03 01:45:18', 'pending', '2026-03-03 01:45:18', '2026-03-03 01:45:18', NULL),
('5803175474695040', 732130, 'card', 13, '2026-02-28 12:49:02', 'pending', '2026-02-28 12:49:02', '2026-02-28 12:49:02', NULL),
('5775325216212065', 1163510, 'transfer', 24, '2025-07-25 12:38:04', 'success', '2025-07-25 12:38:04', '2025-07-25 12:38:04', NULL),
('4769547032029793', 1913646, 'card', 14, '2024-10-05 17:27:58', 'pending', '2024-10-05 17:27:58', '2024-10-05 17:27:58', NULL),
('4277251322184980', 1773011, 'wallet', 25, '2025-06-30 21:37:35', 'success', '2025-06-30 21:37:35', '2025-06-30 21:37:35', NULL),
('4637432150064434', 1640485, 'wallet', 24, '2024-06-09 03:49:41', 'success', '2024-06-09 03:49:41', '2024-06-09 03:49:41', NULL),
('5289435776689156', 944214, 'wallet', 23, '2024-08-07 19:30:50', 'success', '2024-08-07 19:30:50', '2024-08-07 19:30:50', NULL),
('5759325684901573', 90891, 'wallet', 22, '2024-06-09 03:44:20', 'pending', '2024-06-09 03:44:20', '2024-06-09 03:44:20', NULL),
('4318079957870894', 624980, 'transfer', 1, '2026-01-03 23:13:25', 'pending', '2026-01-03 23:13:25', '2026-01-03 23:13:25', NULL),
('4269328821180661', 626295, 'transfer', 3, '2025-03-30 08:23:34', 'failed', '2025-03-30 08:23:34', '2025-03-30 08:23:34', NULL),
('4123574623913134', 1828755, 'transfer', 33, '2025-07-03 22:08:56', 'failed', '2025-07-03 22:08:56', '2025-07-03 22:08:56', NULL),
('5759325684901573', 1260585, 'card', 11, '2025-10-08 00:25:47', 'success', '2025-10-08 00:25:47', '2025-10-08 00:25:47', NULL),
('4795902181884207', 1568459, 'card', 4, '2024-12-24 04:20:33', 'success', '2024-12-24 04:20:33', '2024-12-24 04:20:33', NULL),
('5042438916839901', 262480, 'transfer', 9, '2026-04-12 10:00:08', 'success', '2026-04-12 10:00:08', '2026-04-12 10:00:08', NULL),
('5063294709956103', 301853, 'transfer', 26, '2025-09-07 05:34:53', 'success', '2025-09-07 05:34:53', '2025-09-07 05:34:53', NULL),
('4821614334704454', 293885, 'wallet', 5, '2025-01-07 22:55:13', 'failed', '2025-01-07 22:55:13', '2025-01-07 22:55:13', NULL),
('4803699248521691', 1214726, 'card', 24, '2025-08-12 04:32:09', 'success', '2025-08-12 04:32:09', '2025-08-12 04:32:09', NULL),
('4912686042701825', 13223, 'card', 19, '2024-07-22 00:52:54', 'success', '2024-07-22 00:52:54', '2024-07-22 00:52:54', NULL),
('4598973652805996', 1049405, 'transfer', 25, '2025-06-20 04:49:28', 'pending', '2025-06-20 04:49:28', '2025-06-20 04:49:28', NULL),
('5105943003842035', 42556, 'wallet', 39, '2024-12-11 00:47:11', 'success', '2024-12-11 00:47:11', '2024-12-11 00:47:11', NULL),
('5297105429529523', 341026, 'wallet', 36, '2025-08-15 04:31:59', 'success', '2025-08-15 04:31:59', '2025-08-15 04:31:59', NULL),
('5360982194783244', 1260942, 'transfer', 29, '2026-01-04 14:58:41', 'pending', '2026-01-04 14:58:41', '2026-01-04 14:58:41', NULL),
('5237173782499853', 1183201, 'card', 33, '2025-10-26 04:11:50', 'success', '2025-10-26 04:11:50', '2025-10-26 04:11:50', NULL),
('4635474012743250', 1086353, 'transfer', 26, '2025-06-10 14:16:54', 'success', '2025-06-10 14:16:54', '2025-06-10 14:16:54', NULL),
('4118704166397728', 672472, 'transfer', 35, '2025-07-26 02:56:37', 'failed', '2025-07-26 02:56:37', '2025-07-26 02:56:37', NULL),
('5003856053069789', 998048, 'transfer', 29, '2025-12-25 04:03:24', 'pending', '2025-12-25 04:03:24', '2025-12-25 04:03:24', NULL),
('4635474012743250', 1881750, 'wallet', 9, '2024-09-03 05:42:30', 'success', '2024-09-03 05:42:30', '2024-09-03 05:42:30', NULL),
('5700138167446882', 1653335, 'wallet', 18, '2025-10-29 05:43:30', 'pending', '2025-10-29 05:43:30', '2025-10-29 05:43:30', NULL),
('5775325216212065', 1929144, 'card', 15, '2025-11-27 06:06:23', 'success', '2025-11-27 06:06:23', '2025-11-27 06:06:23', NULL),
('4926438888790244', 426045, 'card', 12, '2025-06-27 06:03:47', 'success', '2025-06-27 06:03:47', '2025-06-27 06:03:47', NULL),
('4318281599762979', 1435362, 'wallet', 15, '2025-06-07 12:15:25', 'failed', '2025-06-07 12:15:25', '2025-06-07 12:15:25', NULL),
('4582249327797490', 1606991, 'wallet', 15, '2025-03-19 15:32:46', 'success', '2025-03-19 15:32:46', '2025-03-19 15:32:46', NULL),
('4864147316385453', 1509552, 'wallet', 16, '2024-06-17 18:43:40', 'success', '2024-06-17 18:43:40', '2024-06-17 18:43:40', NULL),
('5469742463169517', 784669, 'card', 1, '2026-02-10 23:08:57', 'success', '2026-02-10 23:08:57', '2026-02-10 23:08:57', NULL),
('5789800772075512', 1043325, 'transfer', 25, '2025-01-03 17:04:29', 'pending', '2025-01-03 17:04:29', '2025-01-03 17:04:29', NULL),
('4300323120583051', 627215, 'card', 2, '2025-09-27 20:57:56', 'success', '2025-09-27 20:57:56', '2025-09-27 20:57:56', NULL),
('4307731388488603', 570507, 'transfer', 6, '2024-12-27 23:12:10', 'success', '2024-12-27 23:12:10', '2024-12-27 23:12:10', NULL),
('4233243450965894', 45643, 'card', 38, '2026-03-20 22:13:51', 'success', '2026-03-20 22:13:51', '2026-03-20 22:13:51', NULL),
('4513209488722815', 634994, 'wallet', 13, '2025-12-18 11:12:02', 'failed', '2025-12-18 11:12:02', '2025-12-18 11:12:02', NULL),
('5441608889282109', 1134672, 'card', 15, '2025-10-26 00:05:46', 'success', '2025-10-26 00:05:46', '2025-10-26 00:05:46', NULL),
('4841279137229260', 850113, 'wallet', 29, '2025-03-09 23:10:38', 'failed', '2025-03-09 23:10:38', '2025-03-09 23:10:38', NULL),
('4001154059686158', 1689461, 'transfer', 39, '2025-12-06 04:37:13', 'failed', '2025-12-06 04:37:13', '2025-12-06 04:37:13', NULL),
('4169114265711698', 91078, 'transfer', 14, '2024-10-07 11:51:45', 'success', '2024-10-07 11:51:45', '2024-10-07 11:51:45', NULL),
('4637432150064434', 7967, 'transfer', 38, '2025-01-06 18:03:28', 'success', '2025-01-06 18:03:28', '2025-01-06 18:03:28', NULL),
('5754558967072949', 1610983, 'transfer', 8, '2026-04-20 21:44:00', 'success', '2026-04-20 21:44:00', '2026-04-20 21:44:00', NULL),
('4231336688877601', 467035, 'transfer', 40, '2025-12-02 00:27:09', 'failed', '2025-12-02 00:27:09', '2025-12-02 00:27:09', NULL),
('4499654738095322', 509296, 'transfer', 21, '2025-12-06 18:52:37', 'success', '2025-12-06 18:52:37', '2025-12-06 18:52:37', NULL),
('5680438782062330', 995775, 'transfer', 35, '2026-01-04 06:07:12', 'success', '2026-01-04 06:07:12', '2026-01-04 06:07:12', NULL),
('5180914961915787', 362761, 'transfer', 28, '2025-08-16 20:00:33', 'success', '2025-08-16 20:00:33', '2025-08-16 20:00:33', NULL),
('4748600244199414', 643916, 'transfer', 26, '2026-02-11 21:49:34', 'success', '2026-02-11 21:49:34', '2026-02-11 21:49:34', NULL),
('4365535280265646', 1147073, 'card', 36, '2024-07-04 23:27:07', 'failed', '2024-07-04 23:27:07', '2024-07-04 23:27:07', NULL),
('4953965868863726', 891793, 'card', 38, '2025-09-08 08:52:18', 'success', '2025-09-08 08:52:18', '2025-09-08 08:52:18', NULL),
('5239428665003205', 1888667, 'wallet', 12, '2025-11-29 08:16:40', 'success', '2025-11-29 08:16:40', '2025-11-29 08:16:40', NULL),
('4118704166397728', 1780044, 'card', 11, '2025-05-15 14:03:57', 'pending', '2025-05-15 14:03:57', '2025-05-15 14:03:57', NULL),
('5302353954973048', 1726082, 'transfer', 19, '2024-08-27 21:12:57', 'success', '2024-08-27 21:12:57', '2024-08-27 21:12:57', NULL),
('4651822459085005', 222197, 'wallet', 35, '2024-06-01 08:38:09', 'pending', '2024-06-01 08:38:09', '2024-06-01 08:38:09', NULL),
('4781337294662707', 288742, 'transfer', 15, '2024-08-14 06:29:50', 'failed', '2024-08-14 06:29:50', '2024-08-14 06:29:50', NULL),
('5360982194783244', 1143625, 'transfer', 27, '2025-02-16 10:48:59', 'success', '2025-02-16 10:48:59', '2025-02-16 10:48:59', NULL),
('4748600244199414', 1062394, 'transfer', 15, '2025-04-06 08:13:21', 'success', '2025-04-06 08:13:21', '2025-04-06 08:13:21', NULL),
('4554874831250092', 1501185, 'wallet', 36, '2024-10-02 14:51:59', 'success', '2024-10-02 14:51:59', '2024-10-02 14:51:59', NULL),
('5591612424729274', 100554, 'wallet', 24, '2025-01-29 04:30:34', 'pending', '2025-01-29 04:30:34', '2025-01-29 04:30:34', NULL),
('4598973652805996', 768780, 'card', 19, '2026-04-07 00:16:22', 'success', '2026-04-07 00:16:22', '2026-04-07 00:16:22', NULL),
('4795902181884207', 570662, 'wallet', 2, '2026-02-18 10:49:17', 'success', '2026-02-18 10:49:17', '2026-02-18 10:49:17', NULL),
('4210517963981929', 1909574, 'transfer', 2, '2024-06-22 03:56:51', 'success', '2024-06-22 03:56:51', '2024-06-22 03:56:51', NULL),
('4760197759190917', 1895485, 'card', 1, '2024-09-29 23:12:04', 'success', '2024-09-29 23:12:04', '2024-09-29 23:12:04', NULL),
('5267577711813564', 259664, 'transfer', 23, '2026-02-18 21:56:26', 'success', '2026-02-18 21:56:26', '2026-02-18 21:56:26', NULL),
('5587173751187200', 747640, 'card', 19, '2024-06-23 13:47:48', 'success', '2024-06-23 13:47:48', '2024-06-23 13:47:48', NULL),
('4823175517411663', 510521, 'wallet', 24, '2025-05-22 16:19:21', 'success', '2025-05-22 16:19:21', '2025-05-22 16:19:21', NULL),
('5106230637952535', 1484556, 'transfer', 21, '2026-02-06 10:18:54', 'success', '2026-02-06 10:18:54', '2026-02-06 10:18:54', NULL),
('5587173751187200', 1804077, 'wallet', 20, '2025-07-01 10:20:19', 'pending', '2025-07-01 10:20:19', '2025-07-01 10:20:19', NULL),
('4513209488722815', 178885, 'transfer', 14, '2026-04-17 11:53:30', 'success', '2026-04-17 11:53:30', '2026-04-17 11:53:30', NULL),
('4769547032029793', 1951609, 'card', 10, '2024-12-04 09:26:34', 'success', '2024-12-04 09:26:34', '2024-12-04 09:26:34', NULL),
('4307731388488603', 1016268, 'wallet', 28, '2024-09-25 23:30:39', 'success', '2024-09-25 23:30:39', '2024-09-25 23:30:39', NULL),
('4262561786303580', 268093, 'card', 32, '2026-03-05 19:26:14', 'success', '2026-03-05 19:26:14', '2026-03-05 19:26:14', NULL),
('4266136886175090', 1069216, 'transfer', 1, '2025-12-12 13:45:12', 'success', '2025-12-12 13:45:12', '2025-12-12 13:45:12', NULL),
('4779574621279759', 1144009, 'wallet', 21, '2025-01-14 12:08:48', 'success', '2025-01-14 12:08:48', '2025-01-14 12:08:48', NULL),
('4262561786303580', 695014, 'wallet', 36, '2026-04-09 01:41:44', 'pending', '2026-04-09 01:41:44', '2026-04-09 01:41:44', NULL),
('5082306339447576', 131061, 'card', 8, '2026-02-21 04:19:01', 'success', '2026-02-21 04:19:01', '2026-02-21 04:19:01', NULL),
('5587173751187200', 905855, 'wallet', 40, '2024-09-22 22:29:24', 'success', '2024-09-22 22:29:24', '2024-09-22 22:29:24', NULL),
('5441608889282109', 206306, 'wallet', 14, '2025-08-19 19:16:08', 'success', '2025-08-19 19:16:08', '2025-08-19 19:16:08', NULL),
('5297105429529523', 746317, 'transfer', 25, '2024-11-04 11:39:16', 'success', '2024-11-04 11:39:16', '2024-11-04 11:39:16', NULL),
('5803175474695040', 1797505, 'card', 34, '2024-12-27 01:04:32', 'success', '2024-12-27 01:04:32', '2024-12-27 01:04:32', NULL),
('4391365412541988', 380318, 'card', 10, '2024-08-05 09:48:01', 'success', '2024-08-05 09:48:01', '2024-08-05 09:48:01', NULL),
('4719356013822091', 1193169, 'wallet', 13, '2024-08-07 05:51:58', 'failed', '2024-08-07 05:51:58', '2024-08-07 05:51:58', NULL),
('4781337294662707', 658596, 'card', 26, '2024-11-02 20:04:28', 'failed', '2024-11-02 20:04:28', '2024-11-02 20:04:28', NULL),
('5097975811087015', 103756, 'card', 32, '2025-01-07 13:50:23', 'pending', '2025-01-07 13:50:23', '2025-01-07 13:50:23', NULL),
('5302353954973048', 1112175, 'wallet', 10, '2025-05-15 06:25:00', 'pending', '2025-05-15 06:25:00', '2025-05-15 06:25:00', NULL),
('4953965868863726', 207000, 'transfer', 22, '2025-06-11 17:10:05', 'success', '2025-06-11 17:10:05', '2025-06-11 17:10:05', NULL),
('5239428665003205', 1224441, 'card', 32, '2025-03-08 11:54:55', 'success', '2025-03-08 11:54:55', '2025-03-08 11:54:55', NULL),
('5205696695448517', 241806, 'card', 39, '2026-02-28 20:02:38', 'success', '2026-02-28 20:02:38', '2026-02-28 20:02:38', NULL),
('4719356013822091', 1787125, 'wallet', 20, '2025-01-23 02:17:44', 'pending', '2025-01-23 02:17:44', '2025-01-23 02:17:44', NULL),
('4513209488722815', 1864325, 'wallet', 31, '2025-10-31 05:08:44', 'success', '2025-10-31 05:08:44', '2025-10-31 05:08:44', NULL),
('5795567736009817', 1326901, 'card', 8, '2025-07-08 23:43:55', 'success', '2025-07-08 23:43:55', '2025-07-08 23:43:55', NULL),
('5928959774832614', 545207, 'transfer', 18, '2025-11-04 16:06:38', 'success', '2025-11-04 16:06:38', '2025-11-04 16:06:38', NULL),
('5501432657484256', 1353847, 'wallet', 8, '2025-05-21 13:41:36', 'success', '2025-05-21 13:41:36', '2025-05-21 13:41:36', NULL),
('5984718416696479', 445448, 'wallet', 9, '2024-06-14 10:22:06', 'failed', '2024-06-14 10:22:06', '2024-06-14 10:22:06', NULL),
('4268313001375019', 1529551, 'transfer', 23, '2026-02-05 21:57:52', 'failed', '2026-02-05 21:57:52', '2026-02-05 21:57:52', NULL),
('4589536367137469', 703650, 'transfer', 21, '2024-08-13 00:32:42', 'success', '2024-08-13 00:32:42', '2024-08-13 00:32:42', NULL),
('4637432150064434', 1657349, 'card', 25, '2025-10-19 05:08:29', 'success', '2025-10-19 05:08:29', '2025-10-19 05:08:29', NULL),
('5754558967072949', 421697, 'wallet', 28, '2024-12-31 23:28:01', 'success', '2024-12-31 23:28:01', '2024-12-31 23:28:01', NULL),
('4266136886175090', 895245, 'transfer', 19, '2025-12-29 02:52:58', 'success', '2025-12-29 02:52:58', '2025-12-29 02:52:58', NULL),
('5587173751187200', 317481, 'transfer', 36, '2024-06-27 17:37:34', 'success', '2024-06-27 17:37:34', '2024-06-27 17:37:34', NULL),
('5789800772075512', 1290144, 'card', 5, '2024-10-16 02:24:06', 'success', '2024-10-16 02:24:06', '2024-10-16 02:24:06', NULL),
('5120566932021172', 309355, 'transfer', 4, '2024-10-19 19:01:45', 'pending', '2024-10-19 19:01:45', '2024-10-19 19:01:45', NULL),
('4865961216663202', 161786, 'transfer', 11, '2025-02-19 03:46:30', 'success', '2025-02-19 03:46:30', '2025-02-19 03:46:30', NULL),
('4821614334704454', 591455, 'card', 29, '2025-03-20 11:49:25', 'pending', '2025-03-20 11:49:25', '2025-03-20 11:49:25', NULL),
('5803175474695040', 1352327, 'wallet', 1, '2025-07-27 06:42:41', 'failed', '2025-07-27 06:42:41', '2025-07-27 06:42:41', NULL),
('4090730346349701', 1594767, 'transfer', 5, '2024-06-04 02:55:23', 'success', '2024-06-04 02:55:23', '2024-06-04 02:55:23', NULL),
('4445916980986117', 496635, 'card', 1, '2025-08-11 18:46:34', 'pending', '2025-08-11 18:46:34', '2025-08-11 18:46:34', NULL),
('5003856053069789', 560459, 'card', 34, '2024-08-04 05:47:40', 'failed', '2024-08-04 05:47:40', '2024-08-04 05:47:40', NULL),
('4210517963981929', 1324511, 'wallet', 12, '2025-11-23 14:37:21', 'pending', '2025-11-23 14:37:21', '2025-11-23 14:37:21', NULL),
('4634445494633763', 1010292, 'wallet', 36, '2024-07-05 03:15:24', 'pending', '2024-07-05 03:15:24', '2024-07-05 03:15:24', NULL),
('5680438782062330', 900623, 'card', 14, '2025-02-22 17:28:27', 'failed', '2025-02-22 17:28:27', '2025-02-22 17:28:27', NULL),
('4266136886175090', 275525, 'wallet', 25, '2025-10-16 16:05:27', 'pending', '2025-10-16 16:05:27', '2025-10-16 16:05:27', NULL),
('5441608889282109', 1224610, 'wallet', 37, '2026-03-15 08:47:43', 'success', '2026-03-15 08:47:43', '2026-03-15 08:47:43', NULL),
('5105943003842035', 309119, 'wallet', 9, '2026-02-07 21:17:34', 'failed', '2026-02-07 21:17:34', '2026-02-07 21:17:34', NULL),
('4755014457035066', 684047, 'wallet', 14, '2024-08-11 08:58:34', 'success', '2024-08-11 08:58:34', '2024-08-11 08:58:34', NULL),
('4318281599762979', 441742, 'wallet', 36, '2024-06-30 10:35:35', 'success', '2024-06-30 10:35:35', '2024-06-30 10:35:35', NULL),
('5680438782062330', 236469, 'wallet', 15, '2025-11-26 04:47:43', 'failed', '2025-11-26 04:47:43', '2025-11-26 04:47:43', NULL),
('4210517963981929', 343845, 'wallet', 2, '2025-07-28 08:43:08', 'failed', '2025-07-28 08:43:08', '2025-07-28 08:43:08', NULL),
('4864147316385453', 750981, 'wallet', 6, '2025-03-31 01:55:29', 'success', '2025-03-31 01:55:29', '2025-03-31 01:55:29', NULL),
('4220087456045621', 1313355, 'card', 13, '2025-10-04 01:42:57', 'success', '2025-10-04 01:42:57', '2025-10-04 01:42:57', NULL),
('5360982194783244', 1904438, 'transfer', 3, '2024-11-05 09:29:54', 'success', '2024-11-05 09:29:54', '2024-11-05 09:29:54', NULL),
('4500842850052411', 90555, 'card', 14, '2025-10-26 03:21:56', 'failed', '2025-10-26 03:21:56', '2025-10-26 03:21:56', NULL),
('4994308660018760', 408443, 'transfer', 8, '2025-04-08 20:04:34', 'success', '2025-04-08 20:04:34', '2025-04-08 20:04:34', NULL),
('4365535280265646', 1548806, 'transfer', 27, '2025-02-21 06:18:38', 'success', '2025-02-21 06:18:38', '2025-02-21 06:18:38', NULL),
('4867448948901547', 65359, 'wallet', 26, '2025-11-15 22:25:38', 'failed', '2025-11-15 22:25:38', '2025-11-15 22:25:38', NULL),
('5042438916839901', 152974, 'transfer', 20, '2026-03-19 17:41:15', 'failed', '2026-03-19 17:41:15', '2026-03-19 17:41:15', NULL),
('4210517963981929', 684809, 'card', 4, '2026-04-17 22:23:33', 'failed', '2026-04-17 22:23:33', '2026-04-17 22:23:33', NULL),
('4719356013822091', 841754, 'card', 15, '2024-09-02 12:54:34', 'pending', '2024-09-02 12:54:34', '2024-09-02 12:54:34', NULL),
('5087877770363133', 1020700, 'card', 10, '2025-08-21 23:28:00', 'pending', '2025-08-21 23:28:00', '2025-08-21 23:28:00', NULL),
('4719356013822091', 554070, 'wallet', 25, '2026-04-15 19:00:42', 'failed', '2026-04-15 19:00:42', '2026-04-15 19:00:42', NULL),
('5721475030458954', 1232657, 'transfer', 29, '2024-11-17 05:55:32', 'pending', '2024-11-17 05:55:32', '2024-11-17 05:55:32', NULL),
('5579924924485823', 790332, 'wallet', 8, '2025-03-16 07:27:27', 'success', '2025-03-16 07:27:27', '2025-03-16 07:27:27', NULL),
('4698759731552310', 435972, 'transfer', 8, '2025-05-27 19:34:10', 'success', '2025-05-27 19:34:10', '2025-05-27 19:34:10', NULL),
('5302353954973048', 1417002, 'transfer', 34, '2024-12-02 23:39:23', 'success', '2024-12-02 23:39:23', '2024-12-02 23:39:23', NULL),
('4598521835392346', 1861983, 'transfer', 29, '2024-08-18 17:24:01', 'failed', '2024-08-18 17:24:01', '2024-08-18 17:24:01', NULL),
('5063294709956103', 584587, 'card', 1, '2024-11-11 00:02:28', 'success', '2024-11-11 00:02:28', '2024-11-11 00:02:28', NULL),
('5984718416696479', 1828738, 'transfer', 1, '2025-11-29 13:47:16', 'success', '2025-11-29 13:47:16', '2025-11-29 13:47:16', NULL),
('4803699248521691', 1059439, 'wallet', 17, '2024-10-30 19:47:05', 'success', '2024-10-30 19:47:05', '2024-10-30 19:47:05', NULL),
('5661109340250118', 1211189, 'card', 6, '2025-11-08 02:39:03', 'success', '2025-11-08 02:39:03', '2025-11-08 02:39:03', NULL),
('4396154380523064', 75651, 'transfer', 28, '2025-06-23 08:54:26', 'failed', '2025-06-23 08:54:26', '2025-06-23 08:54:26', NULL),
('5205696695448517', 555422, 'wallet', 15, '2026-04-03 06:37:41', 'pending', '2026-04-03 06:37:41', '2026-04-03 06:37:41', NULL),
('4637432150064434', 1778431, 'card', 39, '2025-07-27 05:28:18', 'failed', '2025-07-27 05:28:18', '2025-07-27 05:28:18', NULL),
('5700431627087107', 225316, 'card', 23, '2024-11-26 07:41:58', 'failed', '2024-11-26 07:41:58', '2024-11-26 07:41:58', NULL),
('4698759731552310', 699858, 'transfer', 1, '2026-01-28 13:23:43', 'pending', '2026-01-28 13:23:43', '2026-01-28 13:23:43', NULL),
('4513209488722815', 362352, 'card', 35, '2025-10-07 20:30:45', 'success', '2025-10-07 20:30:45', '2025-10-07 20:30:45', NULL),
('5795567736009817', 1417219, 'transfer', 27, '2025-07-28 19:05:32', 'success', '2025-07-28 19:05:32', '2025-07-28 19:05:32', NULL),
('4118704166397728', 1258723, 'transfer', 10, '2025-12-14 17:20:25', 'pending', '2025-12-14 17:20:25', '2025-12-14 17:20:25', NULL),
('5112470013191505', 1879897, 'card', 26, '2026-03-26 17:01:49', 'success', '2026-03-26 17:01:49', '2026-03-26 17:01:49', NULL),
('4210517963981929', 1371099, 'transfer', 2, '2025-07-04 19:12:48', 'success', '2025-07-04 19:12:48', '2025-07-04 19:12:48', NULL),
('5112470013191505', 1101274, 'wallet', 9, '2025-07-26 11:33:05', 'success', '2025-07-26 11:33:05', '2025-07-26 11:33:05', NULL),
('4803699248521691', 1467422, 'card', 33, '2025-04-23 08:00:43', 'failed', '2025-04-23 08:00:43', '2025-04-23 08:00:43', NULL),
('5441608889282109', 321033, 'transfer', 39, '2024-06-09 04:54:41', 'success', '2024-06-09 04:54:41', '2024-06-09 04:54:41', NULL),
('4589536367137469', 436656, 'card', 40, '2025-04-13 09:14:59', 'success', '2025-04-13 09:14:59', '2025-04-13 09:14:59', NULL),
('4508096686324737', 257690, 'card', 7, '2024-10-11 21:07:56', 'success', '2024-10-11 21:07:56', '2024-10-11 21:07:56', NULL),
('5473499729415392', 1003670, 'transfer', 40, '2025-08-22 03:12:06', 'success', '2025-08-22 03:12:06', '2025-08-22 03:12:06', NULL),
('4823175517411663', 73443, 'wallet', 19, '2024-12-19 12:49:25', 'failed', '2024-12-19 12:49:25', '2024-12-19 12:49:25', NULL),
('4445916980986117', 1614059, 'card', 2, '2024-10-01 14:05:30', 'pending', '2024-10-01 14:05:30', '2024-10-01 14:05:30', NULL),
('5775325216212065', 1779729, 'card', 23, '2024-12-28 08:01:40', 'failed', '2024-12-28 08:01:40', '2024-12-28 08:01:40', NULL),
('5668765756085412', 1736637, 'wallet', 22, '2026-03-25 23:52:24', 'success', '2026-03-25 23:52:24', '2026-03-25 23:52:24', NULL),
('4760197759190917', 793271, 'transfer', 33, '2024-09-02 02:01:53', 'pending', '2024-09-02 02:01:53', '2024-09-02 02:01:53', NULL),
('5501432657484256', 297906, 'transfer', 39, '2026-02-27 07:52:39', 'success', '2026-02-27 07:52:39', '2026-02-27 07:52:39', NULL),
('4363120982986177', 327859, 'card', 4, '2024-11-20 17:19:36', 'pending', '2024-11-20 17:19:36', '2024-11-20 17:19:36', NULL),
('4598521835392346', 1771872, 'transfer', 10, '2024-12-07 21:06:12', 'success', '2024-12-07 21:06:12', '2024-12-07 21:06:12', NULL),
('5795567736009817', 1319675, 'transfer', 27, '2026-04-04 19:53:34', 'failed', '2026-04-04 19:53:34', '2026-04-04 19:53:34', NULL),
('5082306339447576', 1983745, 'transfer', 34, '2024-07-17 20:10:06', 'success', '2024-07-17 20:10:06', '2024-07-17 20:10:06', NULL),
('5063294709956103', 503445, 'card', 13, '2025-08-29 10:48:15', 'success', '2025-08-29 10:48:15', '2025-08-29 10:48:15', NULL),
('4864147316385453', 1360801, 'wallet', 19, '2026-01-29 08:45:08', 'success', '2026-01-29 08:45:08', '2026-01-29 08:45:08', NULL),
('4485821326750532', 86020, 'transfer', 33, '2025-02-07 22:39:44', 'success', '2025-02-07 22:39:44', '2025-02-07 22:39:44', NULL),
('4634445494633763', 1299665, 'wallet', 36, '2024-11-03 20:09:35', 'success', '2024-11-03 20:09:35', '2024-11-03 20:09:35', NULL),
('5668765756085412', 133080, 'transfer', 28, '2025-01-11 14:44:03', 'success', '2025-01-11 14:44:03', '2025-01-11 14:44:03', NULL),
('5767481107035866', 800149, 'wallet', 33, '2024-09-22 21:37:06', 'success', '2024-09-22 21:37:06', '2024-09-22 21:37:06', NULL),
('4651822459085005', 1818391, 'transfer', 1, '2024-12-15 13:47:11', 'success', '2024-12-15 13:47:11', '2024-12-15 13:47:11', NULL),
('4499654738095322', 200847, 'transfer', 23, '2024-10-28 06:25:34', 'pending', '2024-10-28 06:25:34', '2024-10-28 06:25:34', NULL),
('5759325684901573', 930011, 'wallet', 4, '2025-07-25 14:23:11', 'success', '2025-07-25 14:23:11', '2025-07-25 14:23:11', NULL),
('4363120982986177', 592355, 'wallet', 34, '2024-12-09 08:30:57', 'failed', '2024-12-09 08:30:57', '2024-12-09 08:30:57', NULL),
('5423462305749270', 837654, 'transfer', 29, '2024-10-09 13:11:15', 'success', '2024-10-09 13:11:15', '2024-10-09 13:11:15', NULL),
('4803699248521691', 134499, 'wallet', 9, '2025-07-20 19:07:49', 'failed', '2025-07-20 19:07:49', '2025-07-20 19:07:49', NULL),
('5267577711813564', 1860749, 'card', 40, '2026-02-10 16:22:11', 'failed', '2026-02-10 16:22:11', '2026-02-10 16:22:11', NULL),
('4755014457035066', 1513552, 'transfer', 6, '2026-01-19 00:39:44', 'failed', '2026-01-19 00:39:44', '2026-01-19 00:39:44', NULL),
('4634445494633763', 1489103, 'card', 25, '2026-02-22 10:13:30', 'success', '2026-02-22 10:13:30', '2026-02-22 10:13:30', NULL),
('5700138167446882', 1952327, 'card', 14, '2025-06-17 09:50:21', 'pending', '2025-06-17 09:50:21', '2025-06-17 09:50:21', NULL),
('4210517963981929', 812548, 'card', 28, '2024-12-05 09:43:20', 'pending', '2024-12-05 09:43:20', '2024-12-05 09:43:20', NULL),
('5082306339447576', 1584844, 'wallet', 26, '2025-07-17 09:56:07', 'failed', '2025-07-17 09:56:07', '2025-07-17 09:56:07', NULL),
('4769547032029793', 944055, 'wallet', 39, '2024-07-20 17:35:46', 'success', '2024-07-20 17:35:46', '2024-07-20 17:35:46', NULL),
('4273557153026338', 1233095, 'card', 8, '2026-02-19 23:22:15', 'failed', '2026-02-19 23:22:15', '2026-02-19 23:22:15', NULL),
('4227830385145808', 1180918, 'wallet', 29, '2024-10-18 11:46:28', 'success', '2024-10-18 11:46:28', '2024-10-18 11:46:28', NULL),
('5795567736009817', 1363213, 'transfer', 9, '2025-03-01 21:21:39', 'pending', '2025-03-01 21:21:39', '2025-03-01 21:21:39', NULL),
('4965218786259795', 1308750, 'wallet', 29, '2025-06-13 09:40:36', 'pending', '2025-06-13 09:40:36', '2025-06-13 09:40:36', NULL),
('4912686042701825', 1382679, 'card', 3, '2025-01-02 04:05:50', 'success', '2025-01-02 04:05:50', '2025-01-02 04:05:50', NULL),
('4391365412541988', 312572, 'transfer', 8, '2024-07-04 17:57:01', 'failed', '2024-07-04 17:57:01', '2024-07-04 17:57:01', NULL),
('4651822459085005', 1368528, 'wallet', 4, '2025-05-14 01:26:42', 'failed', '2025-05-14 01:26:42', '2025-05-14 01:26:42', NULL),
('5112470013191505', 1231703, 'transfer', 22, '2026-04-18 14:57:49', 'success', '2026-04-18 14:57:49', '2026-04-18 14:57:49', NULL),
('4769547032029793', 208520, 'wallet', 10, '2025-09-14 22:12:30', 'pending', '2025-09-14 22:12:30', '2025-09-14 22:12:30', NULL),
('4885373614965001', 208144, 'wallet', 27, '2024-11-04 19:05:03', 'failed', '2024-11-04 19:05:03', '2024-11-04 19:05:03', NULL),
('5560032541703049', 1343947, 'wallet', 35, '2025-12-10 15:34:43', 'success', '2025-12-10 15:34:43', '2025-12-10 15:34:43', NULL),
('5297105429529523', 1110529, 'card', 20, '2025-06-11 10:17:51', 'pending', '2025-06-11 10:17:51', '2025-06-11 10:17:51', NULL),
('4953965868863726', 1939436, 'wallet', 35, '2025-10-02 00:21:41', 'failed', '2025-10-02 00:21:41', '2025-10-02 00:21:41', NULL),
('4071516970113146', 736249, 'transfer', 22, '2024-10-18 11:51:34', 'failed', '2024-10-18 11:51:34', '2024-10-18 11:51:34', NULL),
('5469742463169517', 668438, 'wallet', 22, '2024-06-10 07:20:25', 'failed', '2024-06-10 07:20:25', '2024-06-10 07:20:25', NULL),
('4895748511427302', 1988080, 'card', 28, '2025-06-06 00:41:33', 'pending', '2025-06-06 00:41:33', '2025-06-06 00:41:33', NULL),
('4582249327797490', 127776, 'wallet', 13, '2024-07-29 03:36:16', 'success', '2024-07-29 03:36:16', '2024-07-29 03:36:16', NULL),
('5953686363953094', 103177, 'card', 27, '2025-02-02 10:41:57', 'success', '2025-02-02 10:41:57', '2025-02-02 10:41:57', NULL),
('5789800772075512', 767287, 'wallet', 38, '2025-07-20 16:29:20', 'failed', '2025-07-20 16:29:20', '2025-07-20 16:29:20', NULL),
('5700138167446882', 1121759, 'transfer', 36, '2024-07-10 17:55:11', 'pending', '2024-07-10 17:55:11', '2024-07-10 17:55:11', NULL),
('5289435776689156', 1641453, 'transfer', 26, '2025-04-27 16:21:09', 'pending', '2025-04-27 16:21:09', '2025-04-27 16:21:09', NULL),
('5003856053069789', 877288, 'wallet', 16, '2024-09-01 03:23:24', 'pending', '2024-09-01 03:23:24', '2024-09-01 03:23:24', NULL),
('5880469498387426', 1412569, 'card', 15, '2026-04-16 14:35:52', 'pending', '2026-04-16 14:35:52', '2026-04-16 14:35:52', NULL),
('5469742463169517', 234794, 'transfer', 1, '2025-02-05 08:02:47', 'failed', '2025-02-05 08:02:47', '2025-02-05 08:02:47', NULL),
('5067837563018801', 1422246, 'card', 32, '2025-08-18 09:08:08', 'success', '2025-08-18 09:08:08', '2025-08-18 09:08:08', NULL),
('4953965868863726', 222893, 'wallet', 4, '2026-03-22 07:42:55', 'pending', '2026-03-22 07:42:55', '2026-03-22 07:42:55', NULL),
('4220087456045621', 1533285, 'transfer', 19, '2026-01-24 11:31:35', 'success', '2026-01-24 11:31:35', '2026-01-24 11:31:35', NULL),
('5124919742119578', 481263, 'transfer', 32, '2025-04-15 01:54:15', 'failed', '2025-04-15 01:54:15', '2025-04-15 01:54:15', NULL),
('4769547032029793', 591451, 'wallet', 28, '2025-03-11 05:46:12', 'success', '2025-03-11 05:46:12', '2025-03-11 05:46:12', NULL),
('4840540528546701', 1491494, 'card', 13, '2026-03-27 03:48:57', 'pending', '2026-03-27 03:48:57', '2026-03-27 03:48:57', NULL),
('4445916980986117', 1628432, 'wallet', 22, '2026-03-22 16:06:08', 'pending', '2026-03-22 16:06:08', '2026-03-22 16:06:08', NULL),
('5315208939785996', 700029, 'transfer', 6, '2024-11-02 02:31:42', 'success', '2024-11-02 02:31:42', '2024-11-02 02:31:42', NULL),
('4635474012743250', 881826, 'wallet', 24, '2026-02-06 08:31:28', 'failed', '2026-02-06 08:31:28', '2026-02-06 08:31:28', NULL),
('5933872061493882', 1576012, 'card', 9, '2025-02-10 21:28:11', 'success', '2025-02-10 21:28:11', '2025-02-10 21:28:11', NULL),
('4795902181884207', 1449268, 'transfer', 20, '2025-01-01 23:29:15', 'success', '2025-01-01 23:29:15', '2025-01-01 23:29:15', NULL),
('5237173782499853', 567634, 'wallet', 35, '2024-06-24 05:51:00', 'success', '2024-06-24 05:51:00', '2024-06-24 05:51:00', NULL),
('5105943003842035', 793980, 'transfer', 6, '2025-07-21 12:18:44', 'failed', '2025-07-21 12:18:44', '2025-07-21 12:18:44', NULL),
('5042438916839901', 1615080, 'wallet', 37, '2025-03-29 19:02:06', 'success', '2025-03-29 19:02:06', '2025-03-29 19:02:06', NULL),
('5469742463169517', 956253, 'card', 37, '2025-03-15 12:56:15', 'failed', '2025-03-15 12:56:15', '2025-03-15 12:56:15', NULL),
('4262561786303580', 760952, 'transfer', 22, '2026-04-18 17:13:40', 'success', '2026-04-18 17:13:40', '2026-04-18 17:13:40', NULL),
('5063294709956103', 575891, 'card', 26, '2024-07-12 07:56:14', 'pending', '2024-07-12 07:56:14', '2024-07-12 07:56:14', NULL),
('4269328821180661', 1497529, 'transfer', 25, '2026-03-28 11:50:44', 'success', '2026-03-28 11:50:44', '2026-03-28 11:50:44', NULL),
('5928959774832614', 1401898, 'card', 12, '2025-08-16 05:55:07', 'failed', '2025-08-16 05:55:07', '2025-08-16 05:55:07', NULL),
('4786675057375676', 752089, 'card', 2, '2025-07-15 06:24:29', 'success', '2025-07-15 06:24:29', '2025-07-15 06:24:29', NULL),
('5754558967072949', 1808254, 'transfer', 5, '2024-06-08 06:17:31', 'success', '2024-06-08 06:17:31', '2024-06-08 06:17:31', NULL),
('4651822459085005', 743718, 'transfer', 2, '2026-04-16 23:58:40', 'success', '2026-04-16 23:58:40', '2026-04-16 23:58:40', NULL),
('5767481107035866', 752643, 'card', 31, '2025-07-04 01:43:38', 'success', '2025-07-04 01:43:38', '2025-07-04 01:43:38', NULL),
('4210517963981929', 313596, 'transfer', 1, '2024-11-14 10:12:34', 'success', '2024-11-14 10:12:34', '2024-11-14 10:12:34', NULL),
('5473499729415392', 722070, 'card', 33, '2026-04-10 22:17:22', 'success', '2026-04-10 22:17:22', '2026-04-10 22:17:22', NULL),
('5896020696123217', 494580, 'wallet', 32, '2025-08-28 01:57:00', 'success', '2025-08-28 01:57:00', '2025-08-28 01:57:00', NULL),
('5105943003842035', 1964952, 'wallet', 6, '2025-11-15 08:28:09', 'failed', '2025-11-15 08:28:09', '2025-11-15 08:28:09', NULL),
('4227830385145808', 1048259, 'card', 32, '2025-03-30 16:36:02', 'failed', '2025-03-30 16:36:02', '2025-03-30 16:36:02', NULL),
('4755014457035066', 720595, 'wallet', 32, '2025-07-18 08:30:33', 'success', '2025-07-18 08:30:33', '2025-07-18 08:30:33', NULL),
('5928959774832614', 1521822, 'transfer', 11, '2025-11-25 17:58:41', 'failed', '2025-11-25 17:58:41', '2025-11-25 17:58:41', NULL),
('5928959774832614', 567143, 'wallet', 24, '2025-07-18 02:32:06', 'success', '2025-07-18 02:32:06', '2025-07-18 02:32:06', NULL),
('4247053058701363', 250537, 'card', 33, '2025-07-20 19:13:31', 'pending', '2025-07-20 19:13:31', '2025-07-20 19:13:31', NULL),
('5700138167446882', 1958388, 'transfer', 32, '2025-07-24 06:44:12', 'success', '2025-07-24 06:44:12', '2025-07-24 06:44:12', NULL),
('5984718416696479', 838169, 'wallet', 36, '2026-01-14 06:46:38', 'success', '2026-01-14 06:46:38', '2026-01-14 06:46:38', NULL),
('5192050302634109', 948096, 'wallet', 7, '2024-10-14 11:11:10', 'success', '2024-10-14 11:11:10', '2024-10-14 11:11:10', NULL),
('5003856053069789', 98386, 'wallet', 3, '2025-11-19 10:50:59', 'failed', '2025-11-19 10:50:59', '2025-11-19 10:50:59', NULL),
('5460609530185165', 361479, 'wallet', 38, '2024-06-26 02:20:56', 'pending', '2024-06-26 02:20:56', '2024-06-26 02:20:56', NULL),
('5112470013191505', 1022066, 'card', 5, '2024-07-22 22:16:02', 'failed', '2024-07-22 22:16:02', '2024-07-22 22:16:02', NULL),
('5591612424729274', 300060, 'transfer', 32, '2025-05-31 05:35:49', 'pending', '2025-05-31 05:35:49', '2025-05-31 05:35:49', NULL),
('5896020696123217', 596880, 'wallet', 4, '2026-01-14 13:39:42', 'success', '2026-01-14 13:39:42', '2026-01-14 13:39:42', NULL),
('5657075696633287', 1197262, 'wallet', 8, '2025-05-27 02:05:36', 'success', '2025-05-27 02:05:36', '2025-05-27 02:05:36', NULL),
('5423462305749270', 1248197, 'wallet', 31, '2026-01-14 21:05:39', 'success', '2026-01-14 21:05:39', '2026-01-14 21:05:39', NULL),
('4598521835392346', 257267, 'wallet', 28, '2024-10-24 16:25:34', 'success', '2024-10-24 16:25:34', '2024-10-24 16:25:34', NULL),
('4748600244199414', 989264, 'transfer', 22, '2026-03-18 10:39:53', 'success', '2026-03-18 10:39:53', '2026-03-18 10:39:53', NULL),
('5657075696633287', 1125877, 'transfer', 1, '2024-09-15 03:02:20', 'success', '2024-09-15 03:02:20', '2024-09-15 03:02:20', NULL),
('4513209488722815', 946644, 'transfer', 16, '2025-03-05 13:05:18', 'success', '2025-03-05 13:05:18', '2025-03-05 13:05:18', NULL),
('4653060970237276', 896019, 'wallet', 4, '2025-05-26 03:11:47', 'pending', '2025-05-26 03:11:47', '2025-05-26 03:11:47', NULL),
('5661109340250118', 1525629, 'transfer', 30, '2024-12-05 03:58:56', 'success', '2024-12-05 03:58:56', '2024-12-05 03:58:56', NULL),
('4634445494633763', 801562, 'transfer', 29, '2025-11-07 11:58:50', 'success', '2025-11-07 11:58:50', '2025-11-07 11:58:50', NULL),
('5087877770363133', 1432181, 'card', 32, '2025-12-24 16:13:19', 'success', '2025-12-24 16:13:19', '2025-12-24 16:13:19', NULL),
('4208411892620314', 1562058, 'transfer', 40, '2026-03-11 20:21:20', 'failed', '2026-03-11 20:21:20', '2026-03-11 20:21:20', NULL),
('5680438782062330', 810537, 'card', 29, '2025-01-28 10:14:50', 'success', '2025-01-28 10:14:50', '2025-01-28 10:14:50', NULL),
('4069300393960968', 1083024, 'card', 29, '2024-06-04 19:26:19', 'success', '2024-06-04 19:26:19', '2024-06-04 19:26:19', NULL),
('4885373614965001', 1555640, 'transfer', 19, '2025-09-14 20:01:46', 'success', '2025-09-14 20:01:46', '2025-09-14 20:01:46', NULL),
('4318281599762979', 604398, 'card', 26, '2025-10-18 09:54:18', 'failed', '2025-10-18 09:54:18', '2025-10-18 09:54:18', NULL),
('4769547032029793', 332582, 'wallet', 8, '2025-05-29 21:05:58', 'success', '2025-05-29 21:05:58', '2025-05-29 21:05:58', NULL),
('4262561786303580', 1144108, 'transfer', 10, '2025-04-01 21:16:09', 'pending', '2025-04-01 21:16:09', '2025-04-01 21:16:09', NULL),
('4496630895775631', 833311, 'card', 40, '2024-09-02 01:38:11', 'failed', '2024-09-02 01:38:11', '2024-09-02 01:38:11', NULL),
('5680438782062330', 57326, 'transfer', 2, '2025-06-30 13:59:25', 'success', '2025-06-30 13:59:25', '2025-06-30 13:59:25', NULL),
('4508096686324737', 1643741, 'transfer', 18, '2025-05-03 17:01:57', 'failed', '2025-05-03 17:01:57', '2025-05-03 17:01:57', NULL),
('5896020696123217', 653951, 'wallet', 10, '2026-02-25 18:01:33', 'success', '2026-02-25 18:01:33', '2026-02-25 18:01:33', NULL),
('4436009692024353', 223533, 'transfer', 16, '2024-12-17 05:28:13', 'failed', '2024-12-17 05:28:13', '2024-12-17 05:28:13', NULL),
('5360982194783244', 1548646, 'wallet', 24, '2026-03-30 16:38:08', 'success', '2026-03-30 16:38:08', '2026-03-30 16:38:08', NULL),
('4900558817197729', 489716, 'transfer', 20, '2025-05-04 18:58:43', 'success', '2025-05-04 18:58:43', '2025-05-04 18:58:43', NULL),
('5067837563018801', 1489788, 'wallet', 8, '2024-08-23 18:53:22', 'failed', '2024-08-23 18:53:22', '2024-08-23 18:53:22', NULL),
('4748600244199414', 706899, 'transfer', 8, '2025-03-17 01:17:01', 'success', '2025-03-17 01:17:01', '2025-03-17 01:17:01', NULL),
('4118704166397728', 1087525, 'wallet', 38, '2025-04-24 01:14:17', 'success', '2025-04-24 01:14:17', '2025-04-24 01:14:17', NULL),
('4391365412541988', 219867, 'card', 29, '2025-01-02 02:38:54', 'pending', '2025-01-02 02:38:54', '2025-01-02 02:38:54', NULL),
('5469742463169517', 112096, 'transfer', 28, '2025-09-29 18:26:50', 'success', '2025-09-29 18:26:50', '2025-09-29 18:26:50', NULL),
('5754558967072949', 1097651, 'wallet', 4, '2024-06-26 15:36:21', 'failed', '2024-06-26 15:36:21', '2024-06-26 15:36:21', NULL),
('5721475030458954', 226914, 'wallet', 27, '2024-12-25 06:23:36', 'pending', '2024-12-25 06:23:36', '2024-12-25 06:23:36', NULL),
('4651822459085005', 1546429, 'card', 8, '2024-07-25 19:47:47', 'failed', '2024-07-25 19:47:47', '2024-07-25 19:47:47', NULL),
('5441608889282109', 132380, 'transfer', 6, '2025-12-25 03:50:23', 'success', '2025-12-25 03:50:23', '2025-12-25 03:50:23', NULL),
('5267577711813564', 1640285, 'transfer', 7, '2024-08-20 04:05:51', 'failed', '2024-08-20 04:05:51', '2024-08-20 04:05:51', NULL),
('4123574623913134', 1927565, 'card', 6, '2025-11-25 07:36:27', 'success', '2025-11-25 07:36:27', '2025-11-25 07:36:27', NULL),
('4708072818315764', 475869, 'wallet', 22, '2025-11-28 15:42:45', 'success', '2025-11-28 15:42:45', '2025-11-28 15:42:45', NULL),
('4651822459085005', 919383, 'wallet', 17, '2024-11-21 04:29:57', 'success', '2024-11-21 04:29:57', '2024-11-21 04:29:57', NULL),
('4769547032029793', 416531, 'card', 4, '2025-07-29 00:41:31', 'pending', '2025-07-29 00:41:31', '2025-07-29 00:41:31', NULL),
('4169114265711698', 559567, 'wallet', 8, '2024-09-26 23:10:37', 'success', '2024-09-26 23:10:37', '2024-09-26 23:10:37', NULL),
('4513209488722815', 198446, 'wallet', 27, '2026-04-04 22:12:45', 'pending', '2026-04-04 22:12:45', '2026-04-04 22:12:45', NULL),
('4653060970237276', 1147610, 'wallet', 40, '2025-08-01 22:18:47', 'success', '2025-08-01 22:18:47', '2025-08-01 22:18:47', NULL),
('4895748511427302', 1059563, 'wallet', 16, '2025-04-05 10:11:02', 'failed', '2025-04-05 10:11:02', '2025-04-05 10:11:02', NULL),
('4492403137332378', 283651, 'card', 36, '2025-12-21 06:44:36', 'failed', '2025-12-21 06:44:36', '2025-12-21 06:44:36', NULL),
('4365535280265646', 799518, 'transfer', 1, '2025-09-13 08:45:20', 'pending', '2025-09-13 08:45:20', '2025-09-13 08:45:20', NULL),
('4513209488722815', 81149, 'card', 18, '2026-03-15 22:19:20', 'success', '2026-03-15 22:19:20', '2026-03-15 22:19:20', NULL),
('4247053058701363', 359231, 'transfer', 32, '2025-01-15 12:55:32', 'success', '2025-01-15 12:55:32', '2025-01-15 12:55:32', NULL),
('4821614334704454', 1697424, 'card', 30, '2024-06-20 22:56:07', 'success', '2024-06-20 22:56:07', '2024-06-20 22:56:07', NULL),
('5754558967072949', 593335, 'wallet', 33, '2024-08-22 04:24:44', 'success', '2024-08-22 04:24:44', '2024-08-22 04:24:44', NULL),
('4589536367137469', 297363, 'wallet', 34, '2025-04-07 05:35:47', 'success', '2025-04-07 05:35:47', '2025-04-07 05:35:47', NULL),
('4210517963981929', 524409, 'transfer', 25, '2025-03-10 08:44:08', 'success', '2025-03-10 08:44:08', '2025-03-10 08:44:08', NULL),
('5441608889282109', 614901, 'transfer', 29, '2025-02-02 14:55:50', 'success', '2025-02-02 14:55:50', '2025-02-02 14:55:50', NULL),
('4786675057375676', 1313039, 'card', 18, '2024-10-27 20:28:34', 'failed', '2024-10-27 20:28:34', '2024-10-27 20:28:34', NULL),
('4118704166397728', 553802, 'transfer', 18, '2025-07-17 05:16:11', 'success', '2025-07-17 05:16:11', '2025-07-17 05:16:11', NULL),
('5205696695448517', 709496, 'wallet', 14, '2025-03-20 16:42:07', 'failed', '2025-03-20 16:42:07', '2025-03-20 16:42:07', NULL),
('4069300393960968', 1757933, 'card', 10, '2024-11-06 10:28:21', 'success', '2024-11-06 10:28:21', '2024-11-06 10:28:21', NULL),
('5759325684901573', 222332, 'wallet', 26, '2024-12-29 01:14:02', 'success', '2024-12-29 01:14:02', '2024-12-29 01:14:02', NULL),
('4071516970113146', 903537, 'wallet', 8, '2025-06-27 18:22:38', 'success', '2025-06-27 18:22:38', '2025-06-27 18:22:38', NULL),
('4500842850052411', 1155491, 'transfer', 39, '2025-12-12 22:06:40', 'success', '2025-12-12 22:06:40', '2025-12-12 22:06:40', NULL),
('4698759731552310', 1888846, 'card', 31, '2024-07-21 20:40:01', 'failed', '2024-07-21 20:40:01', '2024-07-21 20:40:01', NULL),
('4071516970113146', 1548646, 'transfer', 34, '2024-12-04 16:36:10', 'success', '2024-12-04 16:36:10', '2024-12-04 16:36:10', NULL),
('5657075696633287', 435099, 'card', 14, '2024-06-18 08:44:54', 'success', '2024-06-18 08:44:54', '2024-06-18 08:44:54', NULL),
('5803175474695040', 1035059, 'transfer', 23, '2025-01-18 06:37:09', 'success', '2025-01-18 06:37:09', '2025-01-18 06:37:09', NULL),
('4001154059686158', 989750, 'transfer', 24, '2025-09-15 14:18:15', 'success', '2025-09-15 14:18:15', '2025-09-15 14:18:15', NULL),
('4169114265711698', 1512083, 'transfer', 26, '2024-07-02 01:46:26', 'failed', '2024-07-02 01:46:26', '2024-07-02 01:46:26', NULL),
('5754558967072949', 1244251, 'card', 23, '2024-08-30 12:23:30', 'pending', '2024-08-30 12:23:30', '2024-08-30 12:23:30', NULL),
('4807879451334390', 1424234, 'wallet', 5, '2025-10-16 04:07:08', 'failed', '2025-10-16 04:07:08', '2025-10-16 04:07:08', NULL),
('5953686363953094', 1069348, 'transfer', 34, '2024-09-28 01:47:24', 'failed', '2024-09-28 01:47:24', '2024-09-28 01:47:24', NULL),
('5063294709956103', 1288203, 'card', 39, '2024-08-11 17:34:37', 'success', '2024-08-11 17:34:37', '2024-08-11 17:34:37', NULL),
('5871631566414205', 8425, 'wallet', 15, '2024-12-29 21:25:22', 'success', '2024-12-29 21:25:22', '2024-12-29 21:25:22', NULL),
('5124919742119578', 1844254, 'wallet', 11, '2025-01-13 06:49:45', 'success', '2025-01-13 06:49:45', '2025-01-13 06:49:45', NULL),
('4220087456045621', 631846, 'card', 6, '2024-06-05 12:17:46', 'failed', '2024-06-05 12:17:46', '2024-06-05 12:17:46', NULL),
('5591612424729274', 398203, 'transfer', 17, '2025-03-09 06:05:13', 'success', '2025-03-09 06:05:13', '2025-03-09 06:05:13', NULL),
('4391365412541988', 970974, 'wallet', 38, '2025-07-06 16:26:42', 'success', '2025-07-06 16:26:42', '2025-07-06 16:26:42', NULL),
('5192050302634109', 77183, 'transfer', 12, '2025-01-08 15:50:29', 'pending', '2025-01-08 15:50:29', '2025-01-08 15:50:29', NULL),
('5984718416696479', 260296, 'wallet', 24, '2024-08-24 22:02:40', 'failed', '2024-08-24 22:02:40', '2024-08-24 22:02:40', NULL),
('4065291533699237', 571591, 'wallet', 24, '2025-11-10 18:22:19', 'failed', '2025-11-10 18:22:19', '2025-11-10 18:22:19', NULL),
('4598521835392346', 448454, 'card', 16, '2025-01-16 07:05:46', 'success', '2025-01-16 07:05:46', '2025-01-16 07:05:46', NULL),
('4598973652805996', 1823268, 'card', 9, '2025-01-02 04:52:48', 'success', '2025-01-02 04:52:48', '2025-01-02 04:52:48', NULL),
('4445916980986117', 1111146, 'transfer', 36, '2025-05-30 10:00:30', 'failed', '2025-05-30 10:00:30', '2025-05-30 10:00:30', NULL),
('4900558817197729', 323102, 'card', 32, '2025-07-06 09:02:29', 'success', '2025-07-06 09:02:29', '2025-07-06 09:02:29', NULL),
('5267577711813564', 1447635, 'wallet', 37, '2025-12-05 13:59:05', 'success', '2025-12-05 13:59:05', '2025-12-05 13:59:05', NULL),
('5082306339447576', 237288, 'transfer', 15, '2025-04-30 15:58:51', 'success', '2025-04-30 15:58:51', '2025-04-30 15:58:51', NULL),
('4807879451334390', 1168417, 'transfer', 33, '2024-11-28 18:25:24', 'failed', '2024-11-28 18:25:24', '2024-11-28 18:25:24', NULL),
('5680438782062330', 760618, 'transfer', 6, '2026-03-08 11:02:27', 'success', '2026-03-08 11:02:27', '2026-03-08 11:02:27', NULL),
('5192050302634109', 1140658, 'card', 24, '2025-01-14 23:51:25', 'success', '2025-01-14 23:51:25', '2025-01-14 23:51:25', NULL),
('5587173751187200', 1592893, 'transfer', 18, '2024-12-24 04:35:45', 'pending', '2024-12-24 04:35:45', '2024-12-24 04:35:45', NULL),
('4436009692024353', 328879, 'wallet', 38, '2024-10-31 01:15:19', 'success', '2024-10-31 01:15:19', '2024-10-31 01:15:19', NULL),
('5460609530185165', 506953, 'transfer', 30, '2026-03-22 18:03:08', 'success', '2026-03-22 18:03:08', '2026-03-22 18:03:08', NULL),
('4769547032029793', 701687, 'transfer', 25, '2025-08-27 00:21:00', 'pending', '2025-08-27 00:21:00', '2025-08-27 00:21:00', NULL),
('5106230637952535', 1351239, 'transfer', 16, '2026-04-18 03:02:36', 'success', '2026-04-18 03:02:36', '2026-04-18 03:02:36', NULL),
('4069300393960968', 874446, 'transfer', 9, '2024-09-06 03:36:43', 'pending', '2024-09-06 03:36:43', '2024-09-06 03:36:43', NULL),
('5587173751187200', 1685597, 'transfer', 20, '2026-02-13 15:30:08', 'pending', '2026-02-13 15:30:08', '2026-02-13 15:30:08', NULL),
('4436009692024353', 46836, 'card', 3, '2024-10-10 22:53:11', 'failed', '2024-10-10 22:53:11', '2024-10-10 22:53:11', NULL),
('4865961216663202', 1201902, 'card', 8, '2026-03-31 14:24:21', 'success', '2026-03-31 14:24:21', '2026-03-31 14:24:21', NULL),
('5469742463169517', 644323, 'transfer', 37, '2024-09-21 15:18:07', 'failed', '2024-09-21 15:18:07', '2024-09-21 15:18:07', NULL),
('5953686363953094', 38790, 'transfer', 1, '2024-10-20 19:49:59', 'success', '2024-10-20 19:49:59', '2024-10-20 19:49:59', NULL),
('5067837563018801', 658507, 'transfer', 6, '2024-10-22 10:25:50', 'success', '2024-10-22 10:25:50', '2024-10-22 10:25:50', NULL),
('5928959774832614', 1164914, 'card', 21, '2024-12-29 08:59:31', 'success', '2024-12-29 08:59:31', '2024-12-29 08:59:31', NULL),
('5360982194783244', 154007, 'wallet', 1, '2024-06-30 08:25:00', 'failed', '2024-06-30 08:25:00', '2024-06-30 08:25:00', NULL),
('4637432150064434', 1268192, 'transfer', 37, '2024-10-30 02:46:15', 'success', '2024-10-30 02:46:15', '2024-10-30 02:46:15', NULL),
('4840540528546701', 870149, 'card', 12, '2026-03-14 15:55:29', 'failed', '2026-03-14 15:55:29', '2026-03-14 15:55:29', NULL),
('4634445494633763', 1791858, 'transfer', 10, '2025-09-10 12:23:22', 'pending', '2025-09-10 12:23:22', '2025-09-10 12:23:22', NULL),
('5947072590311527', 274122, 'transfer', 13, '2024-12-20 00:19:20', 'success', '2024-12-20 00:19:20', '2024-12-20 00:19:20', NULL),
('5759325684901573', 208941, 'transfer', 38, '2025-02-05 09:26:12', 'success', '2025-02-05 09:26:12', '2025-02-05 09:26:12', NULL),
('5180914961915787', 325532, 'wallet', 11, '2024-09-22 22:06:26', 'pending', '2024-09-22 22:06:26', '2024-09-22 22:06:26', NULL),
('4637432150064434', 934311, 'wallet', 31, '2024-06-12 23:59:10', 'failed', '2024-06-12 23:59:10', '2024-06-12 23:59:10', NULL),
('4118558289633752', 29884, 'card', 34, '2025-02-11 04:36:59', 'success', '2025-02-11 04:36:59', '2025-02-11 04:36:59', NULL),
('4598973652805996', 573643, 'card', 1, '2025-05-01 09:24:46', 'success', '2025-05-01 09:24:46', '2025-05-01 09:24:46', NULL),
('5289435776689156', 1898522, 'wallet', 26, '2026-03-08 20:49:34', 'success', '2026-03-08 20:49:34', '2026-03-08 20:49:34', NULL),
('4436009692024353', 87872, 'transfer', 40, '2026-01-26 20:01:19', 'pending', '2026-01-26 20:01:19', '2026-01-26 20:01:19', NULL),
('4965218786259795', 1398116, 'transfer', 40, '2025-05-11 20:06:32', 'failed', '2025-05-11 20:06:32', '2025-05-11 20:06:32', NULL),
('5803175474695040', 814343, 'transfer', 39, '2025-06-17 21:38:33', 'success', '2025-06-17 21:38:33', '2025-06-17 21:38:33', NULL),
('4123574623913134', 541511, 'card', 4, '2025-03-20 18:09:19', 'pending', '2025-03-20 18:09:19', '2025-03-20 18:09:19', NULL),
('4445916980986117', 637207, 'transfer', 34, '2025-02-11 18:58:29', 'success', '2025-02-11 18:58:29', '2025-02-11 18:58:29', NULL),
('5680438782062330', 549973, 'wallet', 1, '2024-09-08 07:39:47', 'failed', '2024-09-08 07:39:47', '2024-09-08 07:39:47', NULL),
('4500842850052411', 860279, 'card', 30, '2026-04-05 16:15:27', 'failed', '2026-04-05 16:15:27', '2026-04-05 16:15:27', NULL),
('5423462305749270', 1122888, 'card', 37, '2025-02-01 22:19:03', 'failed', '2025-02-01 22:19:03', '2025-02-01 22:19:03', NULL),
('5464136601857392', 646998, 'wallet', 19, '2025-08-25 02:37:10', 'success', '2025-08-25 02:37:10', '2025-08-25 02:37:10', NULL),
('5192050302634109', 1366876, 'card', 13, '2024-07-11 00:40:19', 'success', '2024-07-11 00:40:19', '2024-07-11 00:40:19', NULL),
('5560032541703049', 534828, 'transfer', 20, '2025-01-08 12:24:37', 'pending', '2025-01-08 12:24:37', '2025-01-08 12:24:37', NULL),
('5809686892768895', 509881, 'transfer', 22, '2025-06-26 06:40:53', 'success', '2025-06-26 06:40:53', '2025-06-26 06:40:53', NULL),
('4779574621279759', 526143, 'card', 36, '2024-07-09 19:27:40', 'success', '2024-07-09 19:27:40', '2024-07-09 19:27:40', NULL),
('5267577711813564', 1913311, 'transfer', 37, '2026-02-28 21:50:46', 'success', '2026-02-28 21:50:46', '2026-02-28 21:50:46', NULL),
('5896020696123217', 1188684, 'transfer', 38, '2024-11-04 01:05:16', 'success', '2024-11-04 01:05:16', '2024-11-04 01:05:16', NULL),
('4691676990195106', 104489, 'card', 25, '2024-06-04 09:17:41', 'success', '2024-06-04 09:17:41', '2024-06-04 09:17:41', NULL),
('4840540528546701', 1935176, 'transfer', 26, '2026-01-03 12:47:31', 'failed', '2026-01-03 12:47:31', '2026-01-03 12:47:31', NULL),
('5579924924485823', 1788514, 'transfer', 24, '2024-09-24 03:50:14', 'success', '2024-09-24 03:50:14', '2024-09-24 03:50:14', NULL),
('5809686892768895', 72218, 'transfer', 15, '2025-07-25 16:56:04', 'success', '2025-07-25 16:56:04', '2025-07-25 16:56:04', NULL),
('5668765756085412', 460622, 'card', 36, '2025-09-22 01:30:07', 'success', '2025-09-22 01:30:07', '2025-09-22 01:30:07', NULL),
('5067837563018801', 1218912, 'wallet', 24, '2024-08-14 17:59:56', 'failed', '2024-08-14 17:59:56', '2024-08-14 17:59:56', NULL),
('4698759731552310', 552929, 'transfer', 21, '2025-07-02 11:45:47', 'pending', '2025-07-02 11:45:47', '2025-07-02 11:45:47', NULL);

INSERT INTO transfers (transfer_from, transfer_to, transfer_amount, transfer_time, status, created_at, updated_at, deleted_at) VALUES
('4582249327797490', '4069300393960968', 133568, '2024-11-09 09:52:31', 'pending', '2024-11-09 09:52:31', '2024-11-09 09:52:31', NULL),
('4864147316385453', '4634445494633763', 411946, '2025-06-07 19:20:43', 'success', '2025-06-07 19:20:43', '2025-06-07 19:20:43', NULL),
('5205696695448517', '5803175474695040', 689194, '2024-07-06 09:42:41', 'failed', '2024-07-06 09:42:41', '2024-07-06 09:42:41', NULL),
('4118558289633752', '5067837563018801', 648970, '2025-05-23 01:02:05', 'success', '2025-05-23 01:02:05', '2025-05-23 01:02:05', NULL),
('5297105429529523', '5795295094965605', 313867, '2025-07-19 17:53:33', 'pending', '2025-07-19 17:53:33', '2025-07-19 17:53:33', NULL),
('4318079957870894', '5267577711813564', 656101, '2026-03-08 09:01:19', 'success', '2026-03-08 09:01:19', '2026-03-08 09:01:19', NULL),
('4637432150064434', '5947072590311527', 622724, '2025-10-15 12:05:03', 'success', '2025-10-15 12:05:03', '2025-10-15 12:05:03', NULL),
('4760197759190917', '4436009692024353', 267942, '2025-09-11 08:53:01', 'failed', '2025-09-11 08:53:01', '2025-09-11 08:53:01', NULL),
('5700138167446882', '5754558967072949', 657478, '2024-06-17 06:03:25', 'success', '2024-06-17 06:03:25', '2024-06-17 06:03:25', NULL),
('5082306339447576', '4300323120583051', 261366, '2024-06-16 18:35:57', 'failed', '2024-06-16 18:35:57', '2024-06-16 18:35:57', NULL),
('5423462305749270', '5965295563474326', 724054, '2024-12-22 03:58:34', 'failed', '2024-12-22 03:58:34', '2024-12-22 03:58:34', NULL),
('4496630895775631', '4912686042701825', 758649, '2025-11-29 18:32:58', 'success', '2025-11-29 18:32:58', '2025-11-29 18:32:58', NULL),
('5239428665003205', '5721475030458954', 162949, '2024-10-14 12:52:45', 'pending', '2024-10-14 12:52:45', '2024-10-14 12:52:45', NULL),
('4795902181884207', '4926438888790244', 408221, '2025-01-22 07:34:38', 'success', '2025-01-22 07:34:38', '2025-01-22 07:34:38', NULL),
('5759325684901573', '4499654738095322', 724710, '2026-02-02 14:17:13', 'success', '2026-02-02 14:17:13', '2026-02-02 14:17:13', NULL),
('5120566932021172', '4719356013822091', 86476, '2025-07-26 03:55:59', 'pending', '2025-07-26 03:55:59', '2025-07-26 03:55:59', NULL),
('5721475030458954', '4318281599762979', 245489, '2024-12-06 23:15:06', 'pending', '2024-12-06 23:15:06', '2024-12-06 23:15:06', NULL),
('4496630895775631', '4500842850052411', 106818, '2025-02-01 15:35:07', 'pending', '2025-02-01 15:35:07', '2025-02-01 15:35:07', NULL),
('4554874831250092', '5124919742119578', 766816, '2025-02-18 00:55:36', 'pending', '2025-02-18 00:55:36', '2025-02-18 00:55:36', NULL),
('5587173751187200', '5953686363953094', 582384, '2024-08-27 18:41:08', 'pending', '2024-08-27 18:41:08', '2024-08-27 18:41:08', NULL),
('4269328821180661', '5367316617196313', 131725, '2024-10-25 23:33:35', 'pending', '2024-10-25 23:33:35', '2024-10-25 23:33:35', NULL),
('4885373614965001', '5063294709956103', 357840, '2024-08-02 03:29:14', 'pending', '2024-08-02 03:29:14', '2024-08-02 03:29:14', NULL),
('4589536367137469', '4781337294662707', 837134, '2026-03-24 21:35:29', 'success', '2026-03-24 21:35:29', '2026-03-24 21:35:29', NULL),
('5566055915055870', '5192050302634109', 75500, '2025-12-20 01:31:25', 'success', '2025-12-20 01:31:25', '2025-12-20 01:31:25', NULL),
('5315208939785996', '5112470013191505', 106402, '2025-04-25 00:29:14', 'pending', '2025-04-25 00:29:14', '2025-04-25 00:29:14', NULL),
('4953965868863726', '5721475030458954', 269396, '2026-01-21 11:21:05', 'failed', '2026-01-21 11:21:05', '2026-01-21 11:21:05', NULL),
('5087877770363133', '4769547032029793', 705158, '2025-02-01 13:59:12', 'success', '2025-02-01 13:59:12', '2025-02-01 13:59:12', NULL),
('5579924924485823', '4247053058701363', 892469, '2024-06-25 10:27:32', 'success', '2024-06-25 10:27:32', '2024-06-25 10:27:32', NULL),
('4965442810113673', '5700138167446882', 650096, '2025-06-11 21:53:33', 'success', '2025-06-11 21:53:33', '2025-06-11 21:53:33', NULL),
('5360982194783244', '4227830385145808', 494398, '2025-07-31 04:06:08', 'success', '2025-07-31 04:06:08', '2025-07-31 04:06:08', NULL),
('4965442810113673', '5106230637952535', 632374, '2024-09-30 05:14:25', 'success', '2024-09-30 05:14:25', '2024-09-30 05:14:25', NULL),
('5423462305749270', '4300323120583051', 742886, '2024-09-11 19:19:44', 'failed', '2024-09-11 19:19:44', '2024-09-11 19:19:44', NULL),
('4865961216663202', '5984718416696479', 745816, '2024-07-03 03:05:28', 'success', '2024-07-03 03:05:28', '2024-07-03 03:05:28', NULL),
('5087877770363133', '4363120982986177', 495770, '2024-10-15 10:24:52', 'success', '2024-10-15 10:24:52', '2024-10-15 10:24:52', NULL),
('4748600244199414', '4821614334704454', 764885, '2026-03-11 17:25:50', 'success', '2026-03-11 17:25:50', '2026-03-11 17:25:50', NULL),
('5495668156581601', '4210517963981929', 813704, '2025-10-21 19:38:13', 'pending', '2025-10-21 19:38:13', '2025-10-21 19:38:13', NULL),
('4589536367137469', '5180914961915787', 172115, '2025-06-14 15:24:09', 'failed', '2025-06-14 15:24:09', '2025-06-14 15:24:09', NULL),
('4769547032029793', '5984718416696479', 137419, '2024-08-05 10:28:11', 'success', '2024-08-05 10:28:11', '2024-08-05 10:28:11', NULL),
('5042438916839901', '4172896263366055', 539376, '2025-05-25 07:30:48', 'success', '2025-05-25 07:30:48', '2025-05-25 07:30:48', NULL),
('4953965868863726', '4821614334704454', 666910, '2024-08-01 11:29:59', 'pending', '2024-08-01 11:29:59', '2024-08-01 11:29:59', NULL),
('4233243450965894', '4926438888790244', 762220, '2024-12-19 19:15:35', 'success', '2024-12-19 19:15:35', '2024-12-19 19:15:35', NULL),
('4582249327797490', '4755014457035066', 501901, '2025-10-27 08:57:02', 'success', '2025-10-27 08:57:02', '2025-10-27 08:57:02', NULL),
('4823175517411663', '4118558289633752', 595202, '2024-11-01 13:41:39', 'pending', '2024-11-01 13:41:39', '2024-11-01 13:41:39', NULL),
('4220087456045621', '5087877770363133', 242739, '2025-08-05 07:28:40', 'success', '2025-08-05 07:28:40', '2025-08-05 07:28:40', NULL),
('4900558817197729', '4471447162187347', 670514, '2024-08-26 21:29:46', 'success', '2024-08-26 21:29:46', '2024-08-26 21:29:46', NULL),
('4485821326750532', '4598521835392346', 420649, '2025-01-22 08:00:24', 'pending', '2025-01-22 08:00:24', '2025-01-22 08:00:24', NULL),
('5680438782062330', '5754558967072949', 647660, '2024-11-04 13:24:34', 'success', '2024-11-04 13:24:34', '2024-11-04 13:24:34', NULL),
('5661109340250118', '5965295563474326', 547504, '2025-04-01 09:06:24', 'pending', '2025-04-01 09:06:24', '2025-04-01 09:06:24', NULL),
('5871631566414205', '5759325684901573', 35886, '2025-09-21 01:53:30', 'pending', '2025-09-21 01:53:30', '2025-09-21 01:53:30', NULL),
('4208411892620314', '4118558289633752', 321444, '2025-12-23 06:15:04', 'success', '2025-12-23 06:15:04', '2025-12-23 06:15:04', NULL),
('4748600244199414', '5933872061493882', 658881, '2026-01-26 01:04:57', 'pending', '2026-01-26 01:04:57', '2026-01-26 01:04:57', NULL),
('5105943003842035', '5560032541703049', 171918, '2024-06-05 03:04:25', 'success', '2024-06-05 03:04:25', '2024-06-05 03:04:25', NULL),
('4912686042701825', '5180914961915787', 995836, '2024-06-11 16:18:38', 'success', '2024-06-11 16:18:38', '2024-06-11 16:18:38', NULL),
('4471447162187347', '4895748511427302', 539481, '2024-10-19 03:24:24', 'success', '2024-10-19 03:24:24', '2024-10-19 03:24:24', NULL),
('5180914961915787', '4807879451334390', 15945, '2024-07-29 07:39:36', 'success', '2024-07-29 07:39:36', '2024-07-29 07:39:36', NULL),
('4123574623913134', '5267577711813564', 846927, '2024-06-08 22:52:01', 'failed', '2024-06-08 22:52:01', '2024-06-08 22:52:01', NULL),
('4965218786259795', '5469742463169517', 972842, '2025-12-16 21:08:17', 'pending', '2025-12-16 21:08:17', '2025-12-16 21:08:17', NULL),
('4069300393960968', '5809686892768895', 454287, '2025-10-18 14:47:05', 'success', '2025-10-18 14:47:05', '2025-10-18 14:47:05', NULL),
('5106230637952535', '5112470013191505', 434535, '2024-10-01 23:45:42', 'success', '2024-10-01 23:45:42', '2024-10-01 23:45:42', NULL),
('5759325684901573', '5953686363953094', 889330, '2024-12-01 05:52:43', 'success', '2024-12-01 05:52:43', '2024-12-01 05:52:43', NULL),
('4803699248521691', '5469742463169517', 496912, '2025-06-06 12:30:24', 'success', '2025-06-06 12:30:24', '2025-06-06 12:30:24', NULL),
('5657075696633287', '4865961216663202', 549951, '2025-08-15 14:30:12', 'pending', '2025-08-15 14:30:12', '2025-08-15 14:30:12', NULL),
('4118558289633752', '5579924924485823', 346749, '2026-01-13 11:11:50', 'success', '2026-01-13 11:11:50', '2026-01-13 11:11:50', NULL),
('5360982194783244', '4069300393960968', 937773, '2025-03-16 00:21:22', 'success', '2025-03-16 00:21:22', '2025-03-16 00:21:22', NULL),
('4123574623913134', '5289435776689156', 729499, '2024-12-15 11:52:39', 'success', '2024-12-15 11:52:39', '2024-12-15 11:52:39', NULL),
('4781337294662707', '4208411892620314', 123106, '2024-10-03 15:59:24', 'success', '2024-10-03 15:59:24', '2024-10-03 15:59:24', NULL),
('4865961216663202', '4965218786259795', 931826, '2025-09-29 08:07:46', 'pending', '2025-09-29 08:07:46', '2025-09-29 08:07:46', NULL),
('5124919742119578', '4589536367137469', 302633, '2024-08-09 00:34:34', 'success', '2024-08-09 00:34:34', '2024-08-09 00:34:34', NULL),
('4582249327797490', '5591612424729274', 455717, '2025-07-03 19:31:38', 'pending', '2025-07-03 19:31:38', '2025-07-03 19:31:38', NULL),
('4708072818315764', '5180388771359866', 775109, '2025-08-23 06:46:03', 'pending', '2025-08-23 06:46:03', '2025-08-23 06:46:03', NULL),
('4769547032029793', '4024322367068695', 712103, '2024-08-05 06:25:05', 'success', '2024-08-05 06:25:05', '2024-08-05 06:25:05', NULL),
('4795902181884207', '4499654738095322', 145892, '2025-11-16 23:28:08', 'success', '2025-11-16 23:28:08', '2025-11-16 23:28:08', NULL),
('4090730346349701', '4867448948901547', 434209, '2025-08-11 18:25:28', 'failed', '2025-08-11 18:25:28', '2025-08-11 18:25:28', NULL),
('4300323120583051', '4867448948901547', 900070, '2024-07-31 01:53:03', 'success', '2024-07-31 01:53:03', '2024-07-31 01:53:03', NULL),
('4273557153026338', '4960424488155260', 435167, '2025-10-27 13:08:43', 'success', '2025-10-27 13:08:43', '2025-10-27 13:08:43', NULL),
('4795902181884207', '5775325216212065', 193607, '2025-11-04 00:31:39', 'pending', '2025-11-04 00:31:39', '2025-11-04 00:31:39', NULL),
('4554874831250092', '4172896263366055', 326561, '2025-08-14 05:24:27', 'pending', '2025-08-14 05:24:27', '2025-08-14 05:24:27', NULL),
('4803699248521691', '4262561786303580', 378998, '2025-03-05 10:42:11', 'success', '2025-03-05 10:42:11', '2025-03-05 10:42:11', NULL),
('4123574623913134', '5302353954973048', 741013, '2024-10-29 15:17:11', 'success', '2024-10-29 15:17:11', '2024-10-29 15:17:11', NULL),
('5063294709956103', '4598521835392346', 36814, '2025-05-31 07:36:02', 'failed', '2025-05-31 07:36:02', '2025-05-31 07:36:02', NULL),
('4307731388488603', '5759325684901573', 56286, '2025-07-05 05:55:26', 'success', '2025-07-05 05:55:26', '2025-07-05 05:55:26', NULL),
('5680438782062330', '4748600244199414', 934572, '2024-12-19 16:54:08', 'success', '2024-12-19 16:54:08', '2024-12-19 16:54:08', NULL),
('4247053058701363', '4803699248521691', 112320, '2025-06-20 13:36:55', 'success', '2025-06-20 13:36:55', '2025-06-20 13:36:55', NULL),
('5469742463169517', '4965218786259795', 884087, '2025-10-22 16:14:39', 'failed', '2025-10-22 16:14:39', '2025-10-22 16:14:39', NULL),
('5192050302634109', '4123574623913134', 176453, '2024-10-24 05:11:39', 'failed', '2024-10-24 05:11:39', '2024-10-24 05:11:39', NULL),
('5087877770363133', '4391365412541988', 528871, '2024-07-04 01:03:25', 'pending', '2024-07-04 01:03:25', '2024-07-04 01:03:25', NULL),
('4807879451334390', '5965295563474326', 820423, '2024-08-31 14:40:55', 'failed', '2024-08-31 14:40:55', '2024-08-31 14:40:55', NULL),
('5289435776689156', '4277251322184980', 863778, '2024-06-10 14:34:20', 'success', '2024-06-10 14:34:20', '2024-06-10 14:34:20', NULL),
('4436009692024353', '5082306339447576', 636202, '2025-07-23 16:06:45', 'failed', '2025-07-23 16:06:45', '2025-07-23 16:06:45', NULL),
('5661109340250118', '4865961216663202', 855694, '2026-04-01 18:06:49', 'success', '2026-04-01 18:06:49', '2026-04-01 18:06:49', NULL),
('4262561786303580', '5106230637952535', 653607, '2025-07-05 15:11:57', 'success', '2025-07-05 15:11:57', '2025-07-05 15:11:57', NULL),
('5566055915055870', '4769547032029793', 840001, '2025-08-02 00:22:18', 'failed', '2025-08-02 00:22:18', '2025-08-02 00:22:18', NULL),
('4247053058701363', '4953965868863726', 332468, '2025-02-23 17:58:02', 'pending', '2025-02-23 17:58:02', '2025-02-23 17:58:02', NULL),
('4024322367068695', '4268313001375019', 109025, '2024-12-21 20:14:18', 'success', '2024-12-21 20:14:18', '2024-12-21 20:14:18', NULL),
('5367316617196313', '5003856053069789', 426755, '2024-06-27 01:10:03', 'success', '2024-06-27 01:10:03', '2024-06-27 01:10:03', NULL),
('4708072818315764', '4698759731552310', 423270, '2025-02-12 05:16:35', 'failed', '2025-02-12 05:16:35', '2025-02-12 05:16:35', NULL),
('4220087456045621', '4965442810113673', 637915, '2024-06-04 00:12:30', 'success', '2024-06-04 00:12:30', '2024-06-04 00:12:30', NULL),
('4227830385145808', '5700138167446882', 723299, '2025-07-14 22:29:09', 'success', '2025-07-14 22:29:09', '2025-07-14 22:29:09', NULL),
('4307731388488603', '5984718416696479', 81813, '2024-10-15 18:54:30', 'failed', '2024-10-15 18:54:30', '2024-10-15 18:54:30', NULL),
('5120566932021172', '4090730346349701', 586286, '2025-04-25 16:37:55', 'pending', '2025-04-25 16:37:55', '2025-04-25 16:37:55', NULL),
('4582249327797490', '4965218786259795', 438897, '2024-10-09 05:22:19', 'pending', '2024-10-09 05:22:19', '2024-10-09 05:22:19', NULL),
('5587173751187200', '4118558289633752', 719229, '2024-11-09 15:25:21', 'failed', '2024-11-09 15:25:21', '2024-11-09 15:25:21', NULL),
('4589536367137469', '4760197759190917', 724808, '2025-08-27 19:06:23', 'success', '2025-08-27 19:06:23', '2025-08-27 19:06:23', NULL),
('4781337294662707', '5205696695448517', 690540, '2025-08-17 22:28:38', 'pending', '2025-08-17 22:28:38', '2025-08-17 22:28:38', NULL),
('5180388771359866', '4169114265711698', 185935, '2026-01-30 00:12:16', 'failed', '2026-01-30 00:12:16', '2026-01-30 00:12:16', NULL),
('4885373614965001', '4268313001375019', 191948, '2024-09-13 16:26:45', 'success', '2024-09-13 16:26:45', '2024-09-13 16:26:45', NULL),
('5700138167446882', '4598973652805996', 731878, '2025-04-14 14:03:05', 'success', '2025-04-14 14:03:05', '2025-04-14 14:03:05', NULL),
('5105943003842035', '4436009692024353', 755769, '2025-09-24 12:03:18', 'success', '2025-09-24 12:03:18', '2025-09-24 12:03:18', NULL),
('4118704166397728', '4391365412541988', 265049, '2025-02-10 18:09:53', 'success', '2025-02-10 18:09:53', '2025-02-10 18:09:53', NULL),
('5360982194783244', '5192050302634109', 913498, '2024-06-27 23:48:36', 'success', '2024-06-27 23:48:36', '2024-06-27 23:48:36', NULL),
('5680438782062330', '4635474012743250', 361011, '2025-02-26 02:39:29', 'success', '2025-02-26 02:39:29', '2025-02-26 02:39:29', NULL),
('4653060970237276', '4499654738095322', 421749, '2025-12-17 21:39:08', 'success', '2025-12-17 21:39:08', '2025-12-17 21:39:08', NULL),
('5423462305749270', '5809686892768895', 130709, '2026-02-12 16:24:56', 'failed', '2026-02-12 16:24:56', '2026-02-12 16:24:56', NULL),
('5464136601857392', '4365535280265646', 307234, '2025-09-18 13:52:49', 'failed', '2025-09-18 13:52:49', '2025-09-18 13:52:49', NULL),
('4840540528546701', '5754558967072949', 577756, '2025-09-22 20:36:06', 'failed', '2025-09-22 20:36:06', '2025-09-22 20:36:06', NULL),
('4781337294662707', '4698759731552310', 392985, '2024-08-02 01:00:49', 'success', '2024-08-02 01:00:49', '2024-08-02 01:00:49', NULL),
('4277251322184980', '5965295563474326', 361332, '2025-03-06 03:34:03', 'success', '2025-03-06 03:34:03', '2025-03-06 03:34:03', NULL),
('5192050302634109', '5120566932021172', 439247, '2025-10-13 14:40:23', 'success', '2025-10-13 14:40:23', '2025-10-13 14:40:23', NULL),
('4635474012743250', '4698759731552310', 215611, '2025-07-20 16:59:53', 'success', '2025-07-20 16:59:53', '2025-07-20 16:59:53', NULL),
('4508096686324737', '4318079957870894', 209002, '2025-04-08 06:57:59', 'success', '2025-04-08 06:57:59', '2025-04-08 06:57:59', NULL),
('4781337294662707', '5566055915055870', 730616, '2025-07-12 16:49:51', 'success', '2025-07-12 16:49:51', '2025-07-12 16:49:51', NULL),
('4803699248521691', '5560032541703049', 569846, '2024-11-14 21:52:00', 'success', '2024-11-14 21:52:00', '2024-11-14 21:52:00', NULL),
('4231336688877601', '4637432150064434', 397179, '2025-11-04 02:52:28', 'success', '2025-11-04 02:52:28', '2025-11-04 02:52:28', NULL),
('5721475030458954', '4900558817197729', 919372, '2025-07-29 12:37:38', 'success', '2025-07-29 12:37:38', '2025-07-29 12:37:38', NULL),
('5464136601857392', '4708072818315764', 681499, '2024-09-01 06:34:47', 'failed', '2024-09-01 06:34:47', '2024-09-01 06:34:47', NULL),
('5871631566414205', '5267577711813564', 68720, '2024-06-05 13:15:01', 'pending', '2024-06-05 13:15:01', '2024-06-05 13:15:01', NULL),
('4266136886175090', '4779574621279759', 127019, '2024-06-17 23:52:43', 'success', '2024-06-17 23:52:43', '2024-06-17 23:52:43', NULL),
('4895748511427302', '4803699248521691', 200047, '2026-03-11 16:53:21', 'success', '2026-03-11 16:53:21', '2026-03-11 16:53:21', NULL),
('5560032541703049', '4065291533699237', 134068, '2026-03-17 04:04:47', 'success', '2026-03-17 04:04:47', '2026-03-17 04:04:47', NULL),
('4698759731552310', '5464136601857392', 343798, '2025-07-24 10:45:20', 'success', '2025-07-24 10:45:20', '2025-07-24 10:45:20', NULL),
('4365535280265646', '4582249327797490', 274163, '2026-02-28 12:26:15', 'success', '2026-02-28 12:26:15', '2026-02-28 12:26:15', NULL),
('5112470013191505', '5297105429529523', 19843, '2025-11-25 22:34:04', 'success', '2025-11-25 22:34:04', '2025-11-25 22:34:04', NULL),
('4582249327797490', '4445916980986117', 592037, '2026-04-03 14:32:41', 'success', '2026-04-03 14:32:41', '2026-04-03 14:32:41', NULL),
('4123574623913134', '4365535280265646', 249195, '2025-07-27 08:43:56', 'failed', '2025-07-27 08:43:56', '2025-07-27 08:43:56', NULL),
('4691676990195106', '5984718416696479', 179372, '2025-12-31 16:00:48', 'success', '2025-12-31 16:00:48', '2025-12-31 16:00:48', NULL),
('4365535280265646', '5947072590311527', 941098, '2024-12-21 09:13:47', 'pending', '2024-12-21 09:13:47', '2024-12-21 09:13:47', NULL),
('4885373614965001', '4598521835392346', 151513, '2024-09-07 18:11:25', 'success', '2024-09-07 18:11:25', '2024-09-07 18:11:25', NULL),
('4436009692024353', '4821614334704454', 447762, '2024-12-02 08:27:46', 'failed', '2024-12-02 08:27:46', '2024-12-02 08:27:46', NULL),
('4755014457035066', '4024322367068695', 506639, '2025-04-29 09:59:24', 'failed', '2025-04-29 09:59:24', '2025-04-29 09:59:24', NULL),
('4318079957870894', '4864147316385453', 526213, '2025-08-19 16:51:30', 'pending', '2025-08-19 16:51:30', '2025-08-19 16:51:30', NULL),
('5789800772075512', '4231336688877601', 123705, '2025-07-13 00:26:36', 'success', '2025-07-13 00:26:36', '2025-07-13 00:26:36', NULL),
('5501432657484256', '4273557153026338', 505940, '2025-06-27 09:02:52', 'pending', '2025-06-27 09:02:52', '2025-06-27 09:02:52', NULL),
('5965295563474326', '5180914961915787', 232689, '2025-07-08 09:06:51', 'pending', '2025-07-08 09:06:51', '2025-07-08 09:06:51', NULL),
('4365535280265646', '5120566932021172', 216660, '2025-10-23 12:01:11', 'pending', '2025-10-23 12:01:11', '2025-10-23 12:01:11', NULL),
('4268313001375019', '5668765756085412', 970073, '2025-03-22 05:00:49', 'success', '2025-03-22 05:00:49', '2025-03-22 05:00:49', NULL),
('4318281599762979', '4496630895775631', 950470, '2026-02-14 03:24:13', 'success', '2026-02-14 03:24:13', '2026-02-14 03:24:13', NULL),
('4266136886175090', '5928959774832614', 845657, '2025-11-27 14:15:22', 'failed', '2025-11-27 14:15:22', '2025-11-27 14:15:22', NULL),
('4926438888790244', '4996225570013757', 116081, '2025-12-14 13:47:14', 'failed', '2025-12-14 13:47:14', '2025-12-14 13:47:14', NULL),
('4779574621279759', '5657075696633287', 661543, '2026-02-05 02:21:51', 'success', '2026-02-05 02:21:51', '2026-02-05 02:21:51', NULL),
('5495668156581601', '4363120982986177', 321071, '2024-10-14 11:48:07', 'failed', '2024-10-14 11:48:07', '2024-10-14 11:48:07', NULL),
('4900558817197729', '5587173751187200', 919509, '2025-12-13 12:58:45', 'failed', '2025-12-13 12:58:45', '2025-12-13 12:58:45', NULL),
('4262561786303580', '4169114265711698', 727565, '2025-06-18 05:24:52', 'success', '2025-06-18 05:24:52', '2025-06-18 05:24:52', NULL),
('4233243450965894', '4823175517411663', 401616, '2025-03-02 03:00:26', 'pending', '2025-03-02 03:00:26', '2025-03-02 03:00:26', NULL),
('5367316617196313', '5775325216212065', 301105, '2025-04-10 12:44:14', 'success', '2025-04-10 12:44:14', '2025-04-10 12:44:14', NULL),
('4492403137332378', '5297105429529523', 821013, '2025-07-10 08:29:03', 'pending', '2025-07-10 08:29:03', '2025-07-10 08:29:03', NULL),
('5003856053069789', '4508096686324737', 939025, '2025-01-02 06:11:04', 'failed', '2025-01-02 06:11:04', '2025-01-02 06:11:04', NULL),
('4691676990195106', '4755014457035066', 907112, '2024-09-18 20:35:35', 'success', '2024-09-18 20:35:35', '2024-09-18 20:35:35', NULL),
('4268313001375019', '4090730346349701', 508619, '2024-07-12 02:39:47', 'success', '2024-07-12 02:39:47', '2024-07-12 02:39:47', NULL),
('4396154380523064', '4926438888790244', 400864, '2024-06-27 16:47:55', 'failed', '2024-06-27 16:47:55', '2024-06-27 16:47:55', NULL),
('4318281599762979', '4598521835392346', 305390, '2026-04-14 14:48:11', 'failed', '2026-04-14 14:48:11', '2026-04-14 14:48:11', NULL),
('4231336688877601', '5721475030458954', 713883, '2025-09-28 22:44:22', 'success', '2025-09-28 22:44:22', '2025-09-28 22:44:22', NULL),
('4708072818315764', '5759325684901573', 782077, '2024-12-25 07:13:49', 'success', '2024-12-25 07:13:49', '2024-12-25 07:13:49', NULL),
('4069300393960968', '4926438888790244', 161668, '2024-10-19 13:37:22', 'success', '2024-10-19 13:37:22', '2024-10-19 13:37:22', NULL),
('4582249327797490', '4926438888790244', 594471, '2025-02-02 20:17:52', 'failed', '2025-02-02 20:17:52', '2025-02-02 20:17:52', NULL),
('5495668156581601', '5105943003842035', 88189, '2025-01-07 04:06:04', 'success', '2025-01-07 04:06:04', '2025-01-07 04:06:04', NULL),
('5953686363953094', '4277251322184980', 869375, '2025-05-29 02:33:18', 'success', '2025-05-29 02:33:18', '2025-05-29 02:33:18', NULL),
('4841279137229260', '5097975811087015', 281500, '2025-03-11 03:09:09', 'success', '2025-03-11 03:09:09', '2025-03-11 03:09:09', NULL),
('4651822459085005', '4069300393960968', 433700, '2024-06-20 16:06:40', 'failed', '2024-06-20 16:06:40', '2024-06-20 16:06:40', NULL),
('5460609530185165', '4365535280265646', 474408, '2024-09-21 11:12:23', 'success', '2024-09-21 11:12:23', '2024-09-21 11:12:23', NULL),
('4823175517411663', '4996225570013757', 347771, '2024-10-27 21:37:18', 'success', '2024-10-27 21:37:18', '2024-10-27 21:37:18', NULL),
('5809686892768895', '5192050302634109', 479222, '2025-04-25 16:36:06', 'failed', '2025-04-25 16:36:06', '2025-04-25 16:36:06', NULL),
('4307731388488603', '4065291533699237', 637745, '2025-08-23 14:52:09', 'success', '2025-08-23 14:52:09', '2025-08-23 14:52:09', NULL),
('4365535280265646', '5464136601857392', 403385, '2024-09-17 10:18:58', 'success', '2024-09-17 10:18:58', '2024-09-17 10:18:58', NULL),
('4554874831250092', '5205696695448517', 752787, '2025-07-21 13:53:09', 'success', '2025-07-21 13:53:09', '2025-07-21 13:53:09', NULL),
('5795567736009817', '4269328821180661', 834710, '2024-07-26 22:26:43', 'success', '2024-07-26 22:26:43', '2024-07-26 22:26:43', NULL),
('5809686892768895', '4268313001375019', 826229, '2026-04-14 07:55:52', 'pending', '2026-04-14 07:55:52', '2026-04-14 07:55:52', NULL),
('4123574623913134', '5566055915055870', 929098, '2025-07-18 06:05:30', 'success', '2025-07-18 06:05:30', '2025-07-18 06:05:30', NULL),
('4807879451334390', '4508096686324737', 256451, '2025-03-18 07:13:04', 'failed', '2025-03-18 07:13:04', '2025-03-18 07:13:04', NULL),
('4513209488722815', '4485821326750532', 294228, '2025-02-26 21:49:35', 'success', '2025-02-26 21:49:35', '2025-02-26 21:49:35', NULL),
('4208411892620314', '4598521835392346', 876438, '2024-08-20 14:17:28', 'success', '2024-08-20 14:17:28', '2024-08-20 14:17:28', NULL),
('4024322367068695', '4499654738095322', 277105, '2025-07-17 04:20:51', 'success', '2025-07-17 04:20:51', '2025-07-17 04:20:51', NULL),
('5473499729415392', '5302353954973048', 324066, '2025-09-29 07:52:28', 'success', '2025-09-29 07:52:28', '2025-09-29 07:52:28', NULL),
('5680438782062330', '5795295094965605', 158019, '2026-03-09 15:17:04', 'failed', '2026-03-09 15:17:04', '2026-03-09 15:17:04', NULL),
('4554874831250092', '5180914961915787', 668897, '2025-04-09 15:29:44', 'success', '2025-04-09 15:29:44', '2025-04-09 15:29:44', NULL),
('4965442810113673', '4840540528546701', 727103, '2026-03-06 19:43:09', 'pending', '2026-03-06 19:43:09', '2026-03-06 19:43:09', NULL),
('5871631566414205', '4266136886175090', 179427, '2026-03-21 17:43:43', 'success', '2026-03-21 17:43:43', '2026-03-21 17:43:43', NULL),
('4269328821180661', '4273557153026338', 901141, '2025-01-04 22:28:52', 'pending', '2025-01-04 22:28:52', '2025-01-04 22:28:52', NULL),
('5700431627087107', '4118558289633752', 129020, '2024-11-01 17:32:29', 'failed', '2024-11-01 17:32:29', '2024-11-01 17:32:29', NULL),
('4262561786303580', '4436009692024353', 975315, '2025-02-26 00:20:51', 'success', '2025-02-26 00:20:51', '2025-02-26 00:20:51', NULL),
('4994308660018760', '5668765756085412', 784320, '2024-11-16 23:30:28', 'failed', '2024-11-16 23:30:28', '2024-11-16 23:30:28', NULL),
('5700431627087107', '5700138167446882', 147045, '2024-12-26 04:11:59', 'success', '2024-12-26 04:11:59', '2024-12-26 04:11:59', NULL),
('4598973652805996', '5965295563474326', 848605, '2026-01-26 20:35:09', 'failed', '2026-01-26 20:35:09', '2026-01-26 20:35:09', NULL),
('4637432150064434', '5315208939785996', 362931, '2024-11-17 02:41:21', 'success', '2024-11-17 02:41:21', '2024-11-17 02:41:21', NULL),
('5067837563018801', '5933872061493882', 702873, '2026-01-29 22:44:07', 'success', '2026-01-29 22:44:07', '2026-01-29 22:44:07', NULL),
('5965295563474326', '5560032541703049', 357477, '2025-04-16 16:16:19', 'success', '2025-04-16 16:16:19', '2025-04-16 16:16:19', NULL),
('4300323120583051', '4208411892620314', 492932, '2025-03-13 07:41:15', 'success', '2025-03-13 07:41:15', '2025-03-13 07:41:15', NULL),
('5789800772075512', '4965218786259795', 425185, '2024-07-17 10:12:44', 'pending', '2024-07-17 10:12:44', '2024-07-17 10:12:44', NULL),
('4492403137332378', '4582249327797490', 413197, '2026-01-21 06:07:17', 'failed', '2026-01-21 06:07:17', '2026-01-21 06:07:17', NULL),
('4821614334704454', '5473499729415392', 244720, '2025-02-01 08:15:23', 'failed', '2025-02-01 08:15:23', '2025-02-01 08:15:23', NULL),
('4172896263366055', '4273557153026338', 852341, '2025-07-06 04:30:13', 'failed', '2025-07-06 04:30:13', '2025-07-06 04:30:13', NULL),
('4118558289633752', '4651822459085005', 558121, '2025-11-25 18:28:44', 'success', '2025-11-25 18:28:44', '2025-11-25 18:28:44', NULL),
('4865961216663202', '5192050302634109', 120817, '2025-05-02 05:12:17', 'pending', '2025-05-02 05:12:17', '2025-05-02 05:12:17', NULL),
('5668765756085412', '4363120982986177', 85143, '2024-07-16 03:47:32', 'pending', '2024-07-16 03:47:32', '2024-07-16 03:47:32', NULL),
('5759325684901573', '4803699248521691', 700784, '2026-04-01 13:55:21', 'pending', '2026-04-01 13:55:21', '2026-04-01 13:55:21', NULL),
('5754558967072949', '4247053058701363', 452741, '2025-10-29 21:25:31', 'failed', '2025-10-29 21:25:31', '2025-10-29 21:25:31', NULL),
('4885373614965001', '4769547032029793', 288380, '2025-01-21 03:38:38', 'success', '2025-01-21 03:38:38', '2025-01-21 03:38:38', NULL),
('5759325684901573', '5239428665003205', 245484, '2025-12-31 06:49:37', 'success', '2025-12-31 06:49:37', '2025-12-31 06:49:37', NULL),
('5668765756085412', '4598973652805996', 66197, '2024-06-27 14:57:58', 'success', '2024-06-27 14:57:58', '2024-06-27 14:57:58', NULL),
('4266136886175090', '4318079957870894', 460227, '2025-04-30 12:50:03', 'failed', '2025-04-30 12:50:03', '2025-04-30 12:50:03', NULL),
('4698759731552310', '5896020696123217', 177436, '2024-06-07 15:06:16', 'pending', '2024-06-07 15:06:16', '2024-06-07 15:06:16', NULL),
('4698759731552310', '4318079957870894', 248383, '2024-12-24 05:10:26', 'success', '2024-12-24 05:10:26', '2024-12-24 05:10:26', NULL),
('5124919742119578', '5767481107035866', 456901, '2024-08-21 01:09:04', 'pending', '2024-08-21 01:09:04', '2024-08-21 01:09:04', NULL),
('5953686363953094', '4220087456045621', 741968, '2025-08-30 00:57:00', 'failed', '2025-08-30 00:57:00', '2025-08-30 00:57:00', NULL),
('5180914961915787', '5003856053069789', 231553, '2024-09-03 20:26:56', 'success', '2024-09-03 20:26:56', '2024-09-03 20:26:56', NULL),
('4220087456045621', '5880469498387426', 171677, '2024-09-22 22:08:36', 'pending', '2024-09-22 22:08:36', '2024-09-22 22:08:36', NULL),
('5120566932021172', '5192050302634109', 94026, '2024-09-07 04:48:42', 'success', '2024-09-07 04:48:42', '2024-09-07 04:48:42', NULL),
('5700431627087107', '4912686042701825', 312637, '2026-03-03 07:46:02', 'success', '2026-03-03 07:46:02', '2026-03-03 07:46:02', NULL),
('5305277213462852', '4169114265711698', 697202, '2025-12-29 06:26:51', 'success', '2025-12-29 06:26:51', '2025-12-29 06:26:51', NULL),
('4598521835392346', '4220087456045621', 432204, '2025-01-28 13:26:42', 'success', '2025-01-28 13:26:42', '2025-01-28 13:26:42', NULL),
('4807879451334390', '5880469498387426', 701336, '2025-12-30 22:13:09', 'success', '2025-12-30 22:13:09', '2025-12-30 22:13:09', NULL),
('5003856053069789', '4651822459085005', 112442, '2026-01-22 10:42:43', 'failed', '2026-01-22 10:42:43', '2026-01-22 10:42:43', NULL),
('5124919742119578', '5579924924485823', 776173, '2025-12-18 15:17:40', 'failed', '2025-12-18 15:17:40', '2025-12-18 15:17:40', NULL),
('4269328821180661', '5239428665003205', 901026, '2024-09-14 20:36:46', 'pending', '2024-09-14 20:36:46', '2024-09-14 20:36:46', NULL),
('4807879451334390', '4024322367068695', 357452, '2024-09-12 03:01:53', 'success', '2024-09-12 03:01:53', '2024-09-12 03:01:53', NULL),
('4172896263366055', '4391365412541988', 752228, '2024-08-24 08:25:13', 'failed', '2024-08-24 08:25:13', '2024-08-24 08:25:13', NULL),
('4318281599762979', '5473499729415392', 178552, '2025-10-01 14:14:15', 'failed', '2025-10-01 14:14:15', '2025-10-01 14:14:15', NULL),
('5700138167446882', '4637432150064434', 250929, '2025-12-25 08:46:05', 'failed', '2025-12-25 08:46:05', '2025-12-25 08:46:05', NULL),
('4363120982986177', '4471447162187347', 417632, '2025-06-26 12:47:40', 'failed', '2025-06-26 12:47:40', '2025-06-26 12:47:40', NULL),
('4396154380523064', '5063294709956103', 260784, '2025-01-10 04:40:37', 'pending', '2025-01-10 04:40:37', '2025-01-10 04:40:37', NULL),
('4227830385145808', '5464136601857392', 724919, '2025-05-30 07:18:46', 'success', '2025-05-30 07:18:46', '2025-05-30 07:18:46', NULL),
('5803175474695040', '4779574621279759', 232508, '2024-10-24 14:21:25', 'success', '2024-10-24 14:21:25', '2024-10-24 14:21:25', NULL),
('4634445494633763', '4769547032029793', 598068, '2026-04-04 23:53:07', 'failed', '2026-04-04 23:53:07', '2026-04-04 23:53:07', NULL),
('4769547032029793', '4436009692024353', 816092, '2025-03-11 23:12:07', 'success', '2025-03-11 23:12:07', '2025-03-11 23:12:07', NULL),
('4210517963981929', '4172896263366055', 11208, '2025-09-14 14:51:58', 'failed', '2025-09-14 14:51:58', '2025-09-14 14:51:58', NULL),
('5657075696633287', '4123574623913134', 803046, '2026-01-04 10:11:12', 'success', '2026-01-04 10:11:12', '2026-01-04 10:11:12', NULL),
('4508096686324737', '5680438782062330', 234795, '2024-08-07 12:18:50', 'success', '2024-08-07 12:18:50', '2024-08-07 12:18:50', NULL),
('4755014457035066', '5237173782499853', 874959, '2025-04-26 10:18:32', 'success', '2025-04-26 10:18:32', '2025-04-26 10:18:32', NULL),
('4300323120583051', '5661109340250118', 102035, '2024-06-07 15:09:11', 'success', '2024-06-07 15:09:11', '2024-06-07 15:09:11', NULL),
('4807879451334390', '4781337294662707', 415317, '2024-06-23 04:46:10', 'success', '2024-06-23 04:46:10', '2024-06-23 04:46:10', NULL),
('5360982194783244', '4996225570013757', 864951, '2025-07-05 14:06:55', 'success', '2025-07-05 14:06:55', '2025-07-05 14:06:55', NULL),
('5809686892768895', '4708072818315764', 933797, '2025-09-06 00:46:39', 'success', '2025-09-06 00:46:39', '2025-09-06 00:46:39', NULL),
('4867448948901547', '5591612424729274', 423131, '2024-11-14 06:52:19', 'success', '2024-11-14 06:52:19', '2024-11-14 06:52:19', NULL),
('4208411892620314', '5680438782062330', 964415, '2025-09-20 08:25:09', 'success', '2025-09-20 08:25:09', '2025-09-20 08:25:09', NULL),
('4307731388488603', '4769547032029793', 379161, '2025-08-13 08:38:22', 'failed', '2025-08-13 08:38:22', '2025-08-13 08:38:22', NULL),
('4231336688877601', '5795567736009817', 261761, '2025-09-04 08:39:14', 'failed', '2025-09-04 08:39:14', '2025-09-04 08:39:14', NULL),
('5795295094965605', '5803175474695040', 361698, '2025-06-14 08:33:39', 'failed', '2025-06-14 08:33:39', '2025-06-14 08:33:39', NULL),
('5965295563474326', '5803175474695040', 912734, '2024-09-03 08:57:43', 'success', '2024-09-03 08:57:43', '2024-09-03 08:57:43', NULL),
('4708072818315764', '4445916980986117', 597295, '2025-07-17 00:38:08', 'success', '2025-07-17 00:38:08', '2025-07-17 00:38:08', NULL),
('4231336688877601', '5947072590311527', 388039, '2025-05-03 08:57:52', 'success', '2025-05-03 08:57:52', '2025-05-03 08:57:52', NULL),
('5809686892768895', '4719356013822091', 245631, '2025-11-04 18:14:28', 'success', '2025-11-04 18:14:28', '2025-11-04 18:14:28', NULL),
('4864147316385453', '4069300393960968', 563933, '2024-12-15 23:48:09', 'failed', '2024-12-15 23:48:09', '2024-12-15 23:48:09', NULL),
('4069300393960968', '5896020696123217', 523510, '2025-12-21 11:56:00', 'success', '2025-12-21 11:56:00', '2025-12-21 11:56:00', NULL),
('5933872061493882', '4363120982986177', 358688, '2026-03-04 10:38:02', 'success', '2026-03-04 10:38:02', '2026-03-04 10:38:02', NULL),
('5661109340250118', '4436009692024353', 802928, '2024-11-21 21:28:37', 'failed', '2024-11-21 21:28:37', '2024-11-21 21:28:37', NULL),
('5105943003842035', '4396154380523064', 460909, '2024-11-28 01:29:51', 'success', '2024-11-28 01:29:51', '2024-11-28 01:29:51', NULL),
('5120566932021172', '4318079957870894', 766585, '2025-01-27 14:49:58', 'success', '2025-01-27 14:49:58', '2025-01-27 14:49:58', NULL),
('4895748511427302', '5042438916839901', 77061, '2024-09-17 08:11:18', 'failed', '2024-09-17 08:11:18', '2024-09-17 08:11:18', NULL),
('5441608889282109', '5360982194783244', 349487, '2024-06-04 16:20:56', 'failed', '2024-06-04 16:20:56', '2024-06-04 16:20:56', NULL),
('4436009692024353', '5087877770363133', 662456, '2024-12-23 17:15:25', 'success', '2024-12-23 17:15:25', '2024-12-23 17:15:25', NULL),
('4485821326750532', '4273557153026338', 706340, '2025-12-16 00:15:28', 'success', '2025-12-16 00:15:28', '2025-12-16 00:15:28', NULL),
('4748600244199414', '4885373614965001', 901600, '2025-11-29 10:01:32', 'success', '2025-11-29 10:01:32', '2025-11-29 10:01:32', NULL),
('4865961216663202', '5267577711813564', 519771, '2024-09-20 21:58:23', 'success', '2024-09-20 21:58:23', '2024-09-20 21:58:23', NULL),
('4965218786259795', '4445916980986117', 195549, '2026-04-04 13:56:30', 'success', '2026-04-04 13:56:30', '2026-04-04 13:56:30', NULL),
('4471447162187347', '5579924924485823', 995932, '2025-07-22 08:03:23', 'pending', '2025-07-22 08:03:23', '2025-07-22 08:03:23', NULL),
('4318079957870894', '4169114265711698', 869971, '2024-10-27 01:14:36', 'failed', '2024-10-27 01:14:36', '2024-10-27 01:14:36', NULL),
('4227830385145808', '4231336688877601', 116861, '2025-09-08 00:17:58', 'failed', '2025-09-08 00:17:58', '2025-09-08 00:17:58', NULL),
('5289435776689156', '4653060970237276', 687511, '2024-12-25 07:11:42', 'success', '2024-12-25 07:11:42', '2024-12-25 07:11:42', NULL),
('4266136886175090', '4755014457035066', 915680, '2025-10-04 18:16:34', 'failed', '2025-10-04 18:16:34', '2025-10-04 18:16:34', NULL),
('5003856053069789', '5469742463169517', 680993, '2025-03-20 09:27:39', 'success', '2025-03-20 09:27:39', '2025-03-20 09:27:39', NULL),
('5657075696633287', '5042438916839901', 975065, '2024-07-01 03:03:02', 'success', '2024-07-01 03:03:02', '2024-07-01 03:03:02', NULL),
('4391365412541988', '5700138167446882', 202546, '2025-01-17 19:21:36', 'pending', '2025-01-17 19:21:36', '2025-01-17 19:21:36', NULL),
('5237173782499853', '4965442810113673', 537152, '2024-08-29 19:54:53', 'pending', '2024-08-29 19:54:53', '2024-08-29 19:54:53', NULL),
('5947072590311527', '4277251322184980', 818805, '2025-09-05 23:41:21', 'failed', '2025-09-05 23:41:21', '2025-09-05 23:41:21', NULL),
('5809686892768895', '4598521835392346', 777160, '2025-12-07 07:44:10', 'success', '2025-12-07 07:44:10', '2025-12-07 07:44:10', NULL),
('4589536367137469', '4024322367068695', 132499, '2025-06-04 04:01:54', 'success', '2025-06-04 04:01:54', '2025-06-04 04:01:54', NULL),
('4821614334704454', '5754558967072949', 85918, '2024-11-26 10:15:16', 'pending', '2024-11-26 10:15:16', '2024-11-26 10:15:16', NULL),
('5105943003842035', '4277251322184980', 988120, '2025-12-30 01:57:56', 'success', '2025-12-30 01:57:56', '2025-12-30 01:57:56', NULL),
('4273557153026338', '4210517963981929', 138251, '2025-09-02 04:50:15', 'pending', '2025-09-02 04:50:15', '2025-09-02 04:50:15', NULL),
('5302353954973048', '5721475030458954', 815270, '2025-03-04 05:40:18', 'failed', '2025-03-04 05:40:18', '2025-03-04 05:40:18', NULL),
('4769547032029793', '4691676990195106', 538495, '2026-03-01 15:56:12', 'success', '2026-03-01 15:56:12', '2026-03-01 15:56:12', NULL),
('5501432657484256', '4795902181884207', 909627, '2024-08-18 19:55:30', 'success', '2024-08-18 19:55:30', '2024-08-18 19:55:30', NULL),
('5237173782499853', '5759325684901573', 592576, '2025-09-12 17:32:03', 'success', '2025-09-12 17:32:03', '2025-09-12 17:32:03', NULL),
('5460609530185165', '4436009692024353', 476796, '2025-02-15 14:17:04', 'failed', '2025-02-15 14:17:04', '2025-02-15 14:17:04', NULL),
('4554874831250092', '5984718416696479', 488740, '2025-08-20 14:40:19', 'success', '2025-08-20 14:40:19', '2025-08-20 14:40:19', NULL),
('5120566932021172', '5469742463169517', 462223, '2025-11-21 22:04:32', 'pending', '2025-11-21 22:04:32', '2025-11-21 22:04:32', NULL),
('4965442810113673', '5700431627087107', 482816, '2025-04-28 20:01:31', 'success', '2025-04-28 20:01:31', '2025-04-28 20:01:31', NULL),
('4172896263366055', '4471447162187347', 802831, '2024-12-06 03:04:44', 'success', '2024-12-06 03:04:44', '2024-12-06 03:04:44', NULL),
('4363120982986177', '5566055915055870', 34727, '2024-11-21 05:23:49', 'success', '2024-11-21 05:23:49', '2024-11-21 05:23:49', NULL),
('5754558967072949', '4500842850052411', 330757, '2024-11-27 19:47:52', 'success', '2024-11-27 19:47:52', '2024-11-27 19:47:52', NULL),
('5289435776689156', '4867448948901547', 399160, '2025-03-06 16:00:03', 'success', '2025-03-06 16:00:03', '2025-03-06 16:00:03', NULL),
('5947072590311527', '4840540528546701', 756332, '2024-10-08 17:41:58', 'success', '2024-10-08 17:41:58', '2024-10-08 17:41:58', NULL),
('4653060970237276', '4698759731552310', 745138, '2026-04-16 22:17:27', 'success', '2026-04-16 22:17:27', '2026-04-16 22:17:27', NULL),
('5289435776689156', '4090730346349701', 814467, '2025-03-23 18:17:59', 'success', '2025-03-23 18:17:59', '2025-03-23 18:17:59', NULL),
('4926438888790244', '4071516970113146', 139480, '2026-02-28 09:07:24', 'success', '2026-02-28 09:07:24', '2026-02-28 09:07:24', NULL),
('4840540528546701', '4273557153026338', 471693, '2026-04-02 14:15:34', 'success', '2026-04-02 14:15:34', '2026-04-02 14:15:34', NULL),
('5789800772075512', '4210517963981929', 112587, '2025-07-23 09:07:41', 'success', '2025-07-23 09:07:41', '2025-07-23 09:07:41', NULL),
('5441608889282109', '5775325216212065', 267372, '2025-07-09 08:15:56', 'success', '2025-07-09 08:15:56', '2025-07-09 08:15:56', NULL),
('4635474012743250', '4926438888790244', 594163, '2024-07-02 03:26:20', 'pending', '2024-07-02 03:26:20', '2024-07-02 03:26:20', NULL),
('5267577711813564', '4508096686324737', 984216, '2024-06-04 08:09:41', 'success', '2024-06-04 08:09:41', '2024-06-04 08:09:41', NULL),
('4554874831250092', '4443162801308279', 420175, '2025-11-23 21:55:14', 'failed', '2025-11-23 21:55:14', '2025-11-23 21:55:14', NULL),
('5469742463169517', '4227830385145808', 763637, '2025-05-18 20:33:13', 'failed', '2025-05-18 20:33:13', '2025-05-18 20:33:13', NULL),
('4220087456045621', '4786675057375676', 135187, '2026-02-07 16:24:49', 'pending', '2026-02-07 16:24:49', '2026-02-07 16:24:49', NULL),
('4071516970113146', '4247053058701363', 654138, '2025-08-31 22:03:00', 'success', '2025-08-31 22:03:00', '2025-08-31 22:03:00', NULL),
('5871631566414205', '5668765756085412', 933529, '2025-04-18 18:48:21', 'success', '2025-04-18 18:48:21', '2025-04-18 18:48:21', NULL),
('5965295563474326', '5754558967072949', 709709, '2026-02-09 11:56:19', 'pending', '2026-02-09 11:56:19', '2026-02-09 11:56:19', NULL),
('5120566932021172', '4634445494633763', 665227, '2024-11-19 05:42:14', 'pending', '2024-11-19 05:42:14', '2024-11-19 05:42:14', NULL),
('5120566932021172', '4233243450965894', 672548, '2025-02-08 06:34:52', 'failed', '2025-02-08 06:34:52', '2025-02-08 06:34:52', NULL),
('5700138167446882', '5289435776689156', 574941, '2024-07-26 06:32:01', 'success', '2024-07-26 06:32:01', '2024-07-26 06:32:01', NULL),
('5205696695448517', '5896020696123217', 141655, '2025-03-08 01:42:55', 'success', '2025-03-08 01:42:55', '2025-03-08 01:42:55', NULL),
('5579924924485823', '4841279137229260', 680854, '2026-02-26 12:35:14', 'success', '2026-02-26 12:35:14', '2026-02-26 12:35:14', NULL),
('5789800772075512', '4318281599762979', 283935, '2025-09-07 13:18:12', 'failed', '2025-09-07 13:18:12', '2025-09-07 13:18:12', NULL),
('5803175474695040', '4443162801308279', 712105, '2024-12-08 15:00:12', 'failed', '2024-12-08 15:00:12', '2024-12-08 15:00:12', NULL),
('5464136601857392', '5105943003842035', 98419, '2025-12-26 05:38:15', 'success', '2025-12-26 05:38:15', '2025-12-26 05:38:15', NULL),
('4960424488155260', '5441608889282109', 775048, '2025-07-26 10:12:16', 'success', '2025-07-26 10:12:16', '2025-07-26 10:12:16', NULL),
('5721475030458954', '4220087456045621', 585206, '2024-12-02 09:13:24', 'pending', '2024-12-02 09:13:24', '2024-12-02 09:13:24', NULL),
('4220087456045621', '5067837563018801', 927040, '2026-01-04 11:41:23', 'success', '2026-01-04 11:41:23', '2026-01-04 11:41:23', NULL),
('5871631566414205', '5460609530185165', 161545, '2024-09-18 17:39:51', 'success', '2024-09-18 17:39:51', '2024-09-18 17:39:51', NULL),
('4445916980986117', '4807879451334390', 117892, '2026-02-20 16:17:10', 'success', '2026-02-20 16:17:10', '2026-02-20 16:17:10', NULL),
('4965218786259795', '4786675057375676', 219239, '2025-01-06 18:53:57', 'failed', '2025-01-06 18:53:57', '2025-01-06 18:53:57', NULL),
('4598521835392346', '4492403137332378', 961983, '2025-03-14 04:17:38', 'success', '2025-03-14 04:17:38', '2025-03-14 04:17:38', NULL),
('4755014457035066', '5809686892768895', 915958, '2025-05-18 03:52:50', 'success', '2025-05-18 03:52:50', '2025-05-18 03:52:50', NULL),
('4500842850052411', '5124919742119578', 795249, '2025-09-23 11:51:17', 'success', '2025-09-23 11:51:17', '2025-09-23 11:51:17', NULL),
('4396154380523064', '5473499729415392', 359544, '2026-04-14 03:34:16', 'failed', '2026-04-14 03:34:16', '2026-04-14 03:34:16', NULL),
('4220087456045621', '5105943003842035', 39886, '2024-12-08 10:12:12', 'success', '2024-12-08 10:12:12', '2024-12-08 10:12:12', NULL),
('5205696695448517', '5933872061493882', 783435, '2024-09-13 02:12:16', 'failed', '2024-09-13 02:12:16', '2024-09-13 02:12:16', NULL),
('4485821326750532', '4513209488722815', 645715, '2025-01-19 23:40:35', 'success', '2025-01-19 23:40:35', '2025-01-19 23:40:35', NULL),
('4233243450965894', '5754558967072949', 435262, '2025-01-01 12:59:04', 'pending', '2025-01-01 12:59:04', '2025-01-01 12:59:04', NULL),
('4691676990195106', '5042438916839901', 418030, '2025-06-12 13:45:46', 'pending', '2025-06-12 13:45:46', '2025-06-12 13:45:46', NULL),
('4266136886175090', '4492403137332378', 973913, '2025-03-18 11:16:17', 'success', '2025-03-18 11:16:17', '2025-03-18 11:16:17', NULL),
('4781337294662707', '5067837563018801', 294662, '2025-05-31 06:21:41', 'failed', '2025-05-31 06:21:41', '2025-05-31 06:21:41', NULL),
('5106230637952535', '4247053058701363', 442716, '2026-01-07 15:10:37', 'success', '2026-01-07 15:10:37', '2026-01-07 15:10:37', NULL),
('5933872061493882', '5795567736009817', 437356, '2025-05-31 20:41:29', 'failed', '2025-05-31 20:41:29', '2025-05-31 20:41:29', NULL),
('5754558967072949', '4885373614965001', 846643, '2025-01-22 21:44:43', 'pending', '2025-01-22 21:44:43', '2025-01-22 21:44:43', NULL),
('5775325216212065', '4445916980986117', 986396, '2025-03-09 20:07:42', 'success', '2025-03-09 20:07:42', '2025-03-09 20:07:42', NULL),
('4391365412541988', '5423462305749270', 881356, '2026-03-07 13:55:38', 'success', '2026-03-07 13:55:38', '2026-03-07 13:55:38', NULL),
('4864147316385453', '5775325216212065', 875937, '2025-08-12 06:34:07', 'pending', '2025-08-12 06:34:07', '2025-08-12 06:34:07', NULL),
('5721475030458954', '5120566932021172', 165290, '2025-10-11 15:24:56', 'success', '2025-10-11 15:24:56', '2025-10-11 15:24:56', NULL),
('5700431627087107', '4912686042701825', 67152, '2025-09-05 23:52:06', 'pending', '2025-09-05 23:52:06', '2025-09-05 23:52:06', NULL),
('4471447162187347', '4708072818315764', 830912, '2025-01-20 14:28:58', 'pending', '2025-01-20 14:28:58', '2025-01-20 14:28:58', NULL),
('5367316617196313', '5289435776689156', 678162, '2025-02-14 14:13:23', 'failed', '2025-02-14 14:13:23', '2025-02-14 14:13:23', NULL),
('4365535280265646', '4445916980986117', 279035, '2026-03-09 04:08:53', 'success', '2026-03-09 04:08:53', '2026-03-09 04:08:53', NULL),
('4172896263366055', '4269328821180661', 548272, '2024-08-07 01:54:45', 'success', '2024-08-07 01:54:45', '2024-08-07 01:54:45', NULL),
('4912686042701825', '4994308660018760', 997230, '2025-04-20 20:37:24', 'success', '2025-04-20 20:37:24', '2025-04-20 20:37:24', NULL),
('4821614334704454', '5579924924485823', 813262, '2025-04-19 00:56:02', 'pending', '2025-04-19 00:56:02', '2025-04-19 00:56:02', NULL),
('4912686042701825', '4499654738095322', 492608, '2026-03-31 10:47:15', 'pending', '2026-03-31 10:47:15', '2026-03-31 10:47:15', NULL),
('4513209488722815', '5495668156581601', 926674, '2025-07-22 08:12:00', 'pending', '2025-07-22 08:12:00', '2025-07-22 08:12:00', NULL),
('5579924924485823', '4208411892620314', 605764, '2025-05-23 23:48:10', 'success', '2025-05-23 23:48:10', '2025-05-23 23:48:10', NULL),
('4719356013822091', '4436009692024353', 911124, '2025-04-16 01:06:06', 'success', '2025-04-16 01:06:06', '2025-04-16 01:06:06', NULL),
('5680438782062330', '4118704166397728', 208809, '2026-04-16 06:39:57', 'success', '2026-04-16 06:39:57', '2026-04-16 06:39:57', NULL),
('4795902181884207', '4760197759190917', 290193, '2024-10-04 04:29:41', 'success', '2024-10-04 04:29:41', '2024-10-04 04:29:41', NULL);

INSERT INTO topups (card_number, topup_amount, topup_method, topup_time, status, created_at, updated_at, deleted_at) VALUES
('5473499729415392', 1160070, 'retail_store', '2026-01-13 00:04:54', 'success', '2026-01-13 00:04:54', '2026-01-13 00:04:54', NULL),
('4508096686324737', 63325, 'virtual_account', '2024-07-18 20:57:29', 'success', '2024-07-18 20:57:29', '2024-07-18 20:57:29', NULL),
('4277251322184980', 2272465, 'virtual_account', '2025-06-11 03:28:36', 'success', '2025-06-11 03:28:36', '2025-06-11 03:28:36', NULL),
('5464136601857392', 1836865, 'retail_store', '2024-06-18 01:05:29', 'success', '2024-06-18 01:05:29', '2024-06-18 01:05:29', NULL),
('5789800772075512', 4935160, 'virtual_account', '2024-05-03 04:32:35', 'failed', '2024-05-03 04:32:35', '2024-05-03 04:32:35', NULL),
('4719356013822091', 959225, 'bank_transfer', '2025-02-05 10:08:40', 'success', '2025-02-05 10:08:40', '2025-02-05 10:08:40', NULL),
('4912686042701825', 2407665, 'bank_transfer', '2025-12-01 02:19:33', 'success', '2025-12-01 02:19:33', '2025-12-01 02:19:33', NULL),
('4769547032029793', 4402265, 'bank_transfer', '2025-09-23 19:50:03', 'pending', '2025-09-23 19:50:03', '2025-09-23 19:50:03', NULL),
('4779574621279759', 4064170, 'virtual_account', '2025-04-28 13:19:11', 'success', '2025-04-28 13:19:11', '2025-04-28 13:19:11', NULL),
('4247053058701363', 4929109, 'virtual_account', '2025-05-23 13:11:44', 'failed', '2025-05-23 13:11:44', '2025-05-23 13:11:44', NULL),
('4589536367137469', 3241987, 'bank_transfer', '2024-06-05 11:46:13', 'success', '2024-06-05 11:46:13', '2024-06-05 11:46:13', NULL),
('4779574621279759', 1875444, 'bank_transfer', '2026-01-24 13:05:07', 'pending', '2026-01-24 13:05:07', '2026-01-24 13:05:07', NULL),
('5469742463169517', 3156888, 'virtual_account', '2024-05-23 06:37:44', 'pending', '2024-05-23 06:37:44', '2024-05-23 06:37:44', NULL),
('5953686363953094', 306718, 'bank_transfer', '2024-08-29 01:10:50', 'failed', '2024-08-29 01:10:50', '2024-08-29 01:10:50', NULL),
('5097975811087015', 767157, 'bank_transfer', '2024-10-09 23:55:07', 'success', '2024-10-09 23:55:07', '2024-10-09 23:55:07', NULL),
('5469742463169517', 3384968, 'bank_transfer', '2024-11-23 15:44:51', 'pending', '2024-11-23 15:44:51', '2024-11-23 15:44:51', NULL),
('4807879451334390', 1216056, 'bank_transfer', '2024-12-18 19:50:03', 'success', '2024-12-18 19:50:03', '2024-12-18 19:50:03', NULL),
('4996225570013757', 4916101, 'virtual_account', '2025-07-21 02:58:38', 'success', '2025-07-21 02:58:38', '2025-07-21 02:58:38', NULL),
('5315208939785996', 743509, 'bank_transfer', '2024-10-03 17:46:34', 'success', '2024-10-03 17:46:34', '2024-10-03 17:46:34', NULL),
('4396154380523064', 4440084, 'virtual_account', '2026-01-12 06:22:09', 'pending', '2026-01-12 06:22:09', '2026-01-12 06:22:09', NULL),
('4635474012743250', 3191844, 'bank_transfer', '2025-11-25 05:23:24', 'pending', '2025-11-25 05:23:24', '2025-11-25 05:23:24', NULL),
('4994308660018760', 2489929, 'retail_store', '2024-05-23 16:56:21', 'pending', '2024-05-23 16:56:21', '2024-05-23 16:56:21', NULL),
('4651822459085005', 3037254, 'virtual_account', '2025-01-31 18:58:20', 'failed', '2025-01-31 18:58:20', '2025-01-31 18:58:20', NULL),
('5297105429529523', 1491787, 'retail_store', '2025-05-31 04:45:11', 'success', '2025-05-31 04:45:11', '2025-05-31 04:45:11', NULL),
('5579924924485823', 3439225, 'virtual_account', '2024-05-20 15:06:22', 'success', '2024-05-20 15:06:22', '2024-05-20 15:06:22', NULL),
('5767481107035866', 1614454, 'virtual_account', '2025-11-07 10:10:50', 'success', '2025-11-07 10:10:50', '2025-11-07 10:10:50', NULL),
('4262561786303580', 3404505, 'bank_transfer', '2026-03-16 01:22:59', 'pending', '2026-03-16 01:22:59', '2026-03-16 01:22:59', NULL),
('4318079957870894', 4299534, 'bank_transfer', '2024-09-06 11:24:49', 'success', '2024-09-06 11:24:49', '2024-09-06 11:24:49', NULL),
('4169114265711698', 4028254, 'bank_transfer', '2026-03-26 20:11:40', 'success', '2026-03-26 20:11:40', '2026-03-26 20:11:40', NULL),
('4445916980986117', 2524613, 'retail_store', '2026-03-07 02:06:29', 'success', '2026-03-07 02:06:29', '2026-03-07 02:06:29', NULL),
('5042438916839901', 3665011, 'bank_transfer', '2025-06-13 12:58:12', 'success', '2025-06-13 12:58:12', '2025-06-13 12:58:12', NULL),
('4210517963981929', 3813748, 'bank_transfer', '2026-04-07 21:50:14', 'success', '2026-04-07 21:50:14', '2026-04-07 21:50:14', NULL),
('5501432657484256', 1788793, 'virtual_account', '2025-04-27 04:20:36', 'success', '2025-04-27 04:20:36', '2025-04-27 04:20:36', NULL),
('4363120982986177', 1329600, 'virtual_account', '2025-02-10 00:06:17', 'success', '2025-02-10 00:06:17', '2025-02-10 00:06:17', NULL),
('5464136601857392', 2030993, 'virtual_account', '2025-09-20 16:21:59', 'success', '2025-09-20 16:21:59', '2025-09-20 16:21:59', NULL),
('5984718416696479', 269357, 'virtual_account', '2024-05-21 01:13:37', 'success', '2024-05-21 01:13:37', '2024-05-21 01:13:37', NULL),
('4926438888790244', 1146878, 'virtual_account', '2024-08-16 22:51:10', 'pending', '2024-08-16 22:51:10', '2024-08-16 22:51:10', NULL),
('4266136886175090', 2056383, 'bank_transfer', '2024-09-19 05:54:32', 'failed', '2024-09-19 05:54:32', '2024-09-19 05:54:32', NULL),
('4996225570013757', 2741595, 'retail_store', '2026-03-01 12:48:28', 'success', '2026-03-01 12:48:28', '2026-03-01 12:48:28', NULL),
('5469742463169517', 2048212, 'bank_transfer', '2025-08-18 14:03:53', 'success', '2025-08-18 14:03:53', '2025-08-18 14:03:53', NULL),
('4779574621279759', 150597, 'bank_transfer', '2026-03-12 08:49:24', 'pending', '2026-03-12 08:49:24', '2026-03-12 08:49:24', NULL),
('5928959774832614', 599518, 'virtual_account', '2025-05-26 14:13:48', 'success', '2025-05-26 14:13:48', '2025-05-26 14:13:48', NULL),
('5767481107035866', 4863455, 'virtual_account', '2025-04-23 10:08:13', 'success', '2025-04-23 10:08:13', '2025-04-23 10:08:13', NULL),
('4396154380523064', 2998851, 'virtual_account', '2025-11-28 03:11:07', 'success', '2025-11-28 03:11:07', '2025-11-28 03:11:07', NULL),
('5106230637952535', 2852357, 'virtual_account', '2025-09-03 17:51:04', 'failed', '2025-09-03 17:51:04', '2025-09-03 17:51:04', NULL),
('5984718416696479', 2679428, 'virtual_account', '2025-08-23 15:35:42', 'success', '2025-08-23 15:35:42', '2025-08-23 15:35:42', NULL),
('4996225570013757', 1518584, 'bank_transfer', '2024-09-08 10:02:01', 'success', '2024-09-08 10:02:01', '2024-09-08 10:02:01', NULL),
('4169114265711698', 4050911, 'virtual_account', '2025-04-11 18:53:25', 'pending', '2025-04-11 18:53:25', '2025-04-11 18:53:25', NULL),
('5297105429529523', 4462843, 'retail_store', '2025-07-28 05:25:35', 'success', '2025-07-28 05:25:35', '2025-07-28 05:25:35', NULL),
('4208411892620314', 4076818, 'virtual_account', '2024-11-23 12:30:03', 'pending', '2024-11-23 12:30:03', '2024-11-23 12:30:03', NULL),
('4821614334704454', 97165, 'virtual_account', '2025-05-29 03:37:55', 'success', '2025-05-29 03:37:55', '2025-05-29 03:37:55', NULL),
('4262561786303580', 3610962, 'bank_transfer', '2025-04-18 12:50:00', 'success', '2025-04-18 12:50:00', '2025-04-18 12:50:00', NULL),
('5042438916839901', 4261467, 'bank_transfer', '2024-05-24 21:25:05', 'failed', '2024-05-24 21:25:05', '2024-05-24 21:25:05', NULL),
('5789800772075512', 2316951, 'bank_transfer', '2025-01-18 06:34:08', 'success', '2025-01-18 06:34:08', '2025-01-18 06:34:08', NULL),
('5087877770363133', 2118499, 'bank_transfer', '2025-07-07 13:00:58', 'success', '2025-07-07 13:00:58', '2025-07-07 13:00:58', NULL),
('5297105429529523', 540298, 'bank_transfer', '2025-07-06 03:07:53', 'success', '2025-07-06 03:07:53', '2025-07-06 03:07:53', NULL),
('5721475030458954', 4426102, 'bank_transfer', '2025-09-29 00:36:24', 'failed', '2025-09-29 00:36:24', '2025-09-29 00:36:24', NULL),
('4748600244199414', 835968, 'retail_store', '2025-05-03 01:10:48', 'failed', '2025-05-03 01:10:48', '2025-05-03 01:10:48', NULL),
('5297105429529523', 232567, 'virtual_account', '2025-01-21 04:07:12', 'pending', '2025-01-21 04:07:12', '2025-01-21 04:07:12', NULL),
('5661109340250118', 753017, 'bank_transfer', '2024-05-10 12:17:11', 'failed', '2024-05-10 12:17:11', '2024-05-10 12:17:11', NULL),
('5661109340250118', 4923093, 'retail_store', '2025-12-22 06:27:36', 'pending', '2025-12-22 06:27:36', '2025-12-22 06:27:36', NULL),
('5700431627087107', 489292, 'virtual_account', '2024-08-09 06:40:59', 'pending', '2024-08-09 06:40:59', '2024-08-09 06:40:59', NULL),
('4781337294662707', 264700, 'virtual_account', '2025-10-28 20:09:45', 'failed', '2025-10-28 20:09:45', '2025-10-28 20:09:45', NULL),
('5933872061493882', 2505165, 'retail_store', '2024-11-06 07:24:06', 'success', '2024-11-06 07:24:06', '2024-11-06 07:24:06', NULL),
('4233243450965894', 60209, 'virtual_account', '2025-02-01 15:01:50', 'success', '2025-02-01 15:01:50', '2025-02-01 15:01:50', NULL),
('5661109340250118', 3213125, 'bank_transfer', '2024-05-29 19:27:11', 'success', '2024-05-29 19:27:11', '2024-05-29 19:27:11', NULL),
('5591612424729274', 1300398, 'retail_store', '2024-10-27 17:30:09', 'pending', '2024-10-27 17:30:09', '2024-10-27 17:30:09', NULL),
('4965218786259795', 416122, 'retail_store', '2024-05-15 05:08:28', 'success', '2024-05-15 05:08:28', '2024-05-15 05:08:28', NULL),
('4803699248521691', 3806098, 'retail_store', '2024-05-19 07:00:10', 'pending', '2024-05-19 07:00:10', '2024-05-19 07:00:10', NULL),
('4485821326750532', 1267863, 'virtual_account', '2025-02-27 05:29:26', 'success', '2025-02-27 05:29:26', '2025-02-27 05:29:26', NULL),
('5082306339447576', 2234106, 'retail_store', '2025-04-30 17:20:57', 'pending', '2025-04-30 17:20:57', '2025-04-30 17:20:57', NULL),
('4269328821180661', 547325, 'retail_store', '2025-04-24 05:26:24', 'pending', '2025-04-24 05:26:24', '2025-04-24 05:26:24', NULL),
('5795295094965605', 427830, 'bank_transfer', '2024-08-14 10:04:14', 'pending', '2024-08-14 10:04:14', '2024-08-14 10:04:14', NULL),
('4262561786303580', 2590772, 'virtual_account', '2025-09-15 14:20:05', 'success', '2025-09-15 14:20:05', '2025-09-15 14:20:05', NULL),
('5082306339447576', 3320817, 'retail_store', '2024-09-13 02:47:35', 'success', '2024-09-13 02:47:35', '2024-09-13 02:47:35', NULL),
('5896020696123217', 3643164, 'retail_store', '2026-02-21 19:28:37', 'success', '2026-02-21 19:28:37', '2026-02-21 19:28:37', NULL),
('4396154380523064', 294697, 'virtual_account', '2024-12-05 16:20:41', 'success', '2024-12-05 16:20:41', '2024-12-05 16:20:41', NULL),
('5237173782499853', 211386, 'retail_store', '2025-03-29 15:47:08', 'success', '2025-03-29 15:47:08', '2025-03-29 15:47:08', NULL),
('5789800772075512', 3044617, 'bank_transfer', '2024-11-30 18:22:11', 'pending', '2024-11-30 18:22:11', '2024-11-30 18:22:11', NULL),
('4965442810113673', 3292668, 'virtual_account', '2026-02-04 20:14:04', 'success', '2026-02-04 20:14:04', '2026-02-04 20:14:04', NULL),
('4169114265711698', 4488150, 'virtual_account', '2024-12-14 21:40:59', 'failed', '2024-12-14 21:40:59', '2024-12-14 21:40:59', NULL),
('5087877770363133', 3428552, 'bank_transfer', '2025-05-22 01:01:51', 'success', '2025-05-22 01:01:51', '2025-05-22 01:01:51', NULL),
('4365535280265646', 2380037, 'virtual_account', '2024-10-11 04:16:35', 'success', '2024-10-11 04:16:35', '2024-10-11 04:16:35', NULL),
('4807879451334390', 3465517, 'bank_transfer', '2024-09-09 02:01:50', 'success', '2024-09-09 02:01:50', '2024-09-09 02:01:50', NULL),
('5305277213462852', 4926799, 'bank_transfer', '2025-04-14 18:14:28', 'pending', '2025-04-14 18:14:28', '2025-04-14 18:14:28', NULL),
('5302353954973048', 1739453, 'retail_store', '2025-04-26 19:34:31', 'pending', '2025-04-26 19:34:31', '2025-04-26 19:34:31', NULL),
('5460609530185165', 3039158, 'retail_store', '2025-11-25 16:11:35', 'success', '2025-11-25 16:11:35', '2025-11-25 16:11:35', NULL),
('5984718416696479', 446212, 'retail_store', '2024-06-03 08:44:47', 'success', '2024-06-03 08:44:47', '2024-06-03 08:44:47', NULL),
('4821614334704454', 905781, 'virtual_account', '2024-06-15 14:14:41', 'failed', '2024-06-15 14:14:41', '2024-06-15 14:14:41', NULL),
('5423462305749270', 2768842, 'virtual_account', '2024-06-24 17:37:08', 'success', '2024-06-24 17:37:08', '2024-06-24 17:37:08', NULL),
('5700138167446882', 324787, 'virtual_account', '2025-07-11 20:29:29', 'success', '2025-07-11 20:29:29', '2025-07-11 20:29:29', NULL),
('5302353954973048', 4859340, 'bank_transfer', '2025-10-12 00:18:19', 'success', '2025-10-12 00:18:19', '2025-10-12 00:18:19', NULL),
('5809686892768895', 3248171, 'virtual_account', '2026-02-06 22:27:18', 'success', '2026-02-06 22:27:18', '2026-02-06 22:27:18', NULL),
('5795295094965605', 1227720, 'bank_transfer', '2026-01-09 02:29:21', 'failed', '2026-01-09 02:29:21', '2026-01-09 02:29:21', NULL),
('4324822130159257', 4948775, 'retail_store', '2026-03-02 04:40:19', 'pending', '2026-03-02 04:40:19', '2026-03-02 04:40:19', NULL),
('4598521835392346', 2142843, 'virtual_account', '2026-01-15 10:44:22', 'failed', '2026-01-15 10:44:22', '2026-01-15 10:44:22', NULL),
('5205696695448517', 1194671, 'bank_transfer', '2024-05-12 13:33:56', 'pending', '2024-05-12 13:33:56', '2024-05-12 13:33:56', NULL),
('4220087456045621', 2514389, 'virtual_account', '2025-08-23 09:43:26', 'success', '2025-08-23 09:43:26', '2025-08-23 09:43:26', NULL),
('5587173751187200', 2853775, 'virtual_account', '2025-12-09 13:26:13', 'success', '2025-12-09 13:26:13', '2025-12-09 13:26:13', NULL),
('4071516970113146', 4155833, 'virtual_account', '2026-01-09 08:00:28', 'pending', '2026-01-09 08:00:28', '2026-01-09 08:00:28', NULL),
('4277251322184980', 4664829, 'virtual_account', '2025-11-23 08:12:41', 'success', '2025-11-23 08:12:41', '2025-11-23 08:12:41', NULL),
('4900558817197729', 3978139, 'virtual_account', '2024-09-20 01:52:57', 'pending', '2024-09-20 01:52:57', '2024-09-20 01:52:57', NULL),
('4001154059686158', 3358134, 'virtual_account', '2026-03-13 18:24:04', 'success', '2026-03-13 18:24:04', '2026-03-13 18:24:04', NULL),
('5367316617196313', 2740416, 'bank_transfer', '2025-01-23 05:24:21', 'pending', '2025-01-23 05:24:21', '2025-01-23 05:24:21', NULL),
('4960424488155260', 4640017, 'bank_transfer', '2024-07-22 03:00:16', 'success', '2024-07-22 03:00:16', '2024-07-22 03:00:16', NULL),
('4365535280265646', 1209406, 'virtual_account', '2024-11-29 03:25:11', 'failed', '2024-11-29 03:25:11', '2024-11-29 03:25:11', NULL),
('4996225570013757', 878545, 'virtual_account', '2025-09-06 20:08:41', 'success', '2025-09-06 20:08:41', '2025-09-06 20:08:41', NULL),
('4760197759190917', 3852738, 'virtual_account', '2025-12-15 20:36:18', 'pending', '2025-12-15 20:36:18', '2025-12-15 20:36:18', NULL),
('4865961216663202', 2759895, 'virtual_account', '2025-04-19 04:31:29', 'success', '2025-04-19 04:31:29', '2025-04-19 04:31:29', NULL),
('5239428665003205', 3256955, 'retail_store', '2024-10-15 21:52:14', 'pending', '2024-10-15 21:52:14', '2024-10-15 21:52:14', NULL),
('4637432150064434', 4593290, 'retail_store', '2025-11-25 04:04:01', 'failed', '2025-11-25 04:04:01', '2025-11-25 04:04:01', NULL),
('4508096686324737', 2591583, 'retail_store', '2025-11-17 01:15:03', 'success', '2025-11-17 01:15:03', '2025-11-17 01:15:03', NULL),
('4396154380523064', 4440551, 'retail_store', '2025-06-22 14:05:08', 'pending', '2025-06-22 14:05:08', '2025-06-22 14:05:08', NULL),
('4769547032029793', 3456818, 'virtual_account', '2024-09-24 00:25:16', 'failed', '2024-09-24 00:25:16', '2024-09-24 00:25:16', NULL),
('4635474012743250', 868674, 'virtual_account', '2025-12-15 06:20:59', 'pending', '2025-12-15 06:20:59', '2025-12-15 06:20:59', NULL),
('4795902181884207', 2168851, 'virtual_account', '2025-05-04 01:49:28', 'success', '2025-05-04 01:49:28', '2025-05-04 01:49:28', NULL),
('4247053058701363', 1437865, 'virtual_account', '2024-11-12 03:52:05', 'success', '2024-11-12 03:52:05', '2024-11-12 03:52:05', NULL),
('4231336688877601', 3164214, 'bank_transfer', '2024-05-09 13:47:58', 'success', '2024-05-09 13:47:58', '2024-05-09 13:47:58', NULL),
('5721475030458954', 4974583, 'retail_store', '2026-02-21 15:48:24', 'success', '2026-02-21 15:48:24', '2026-02-21 15:48:24', NULL),
('5360982194783244', 1025355, 'virtual_account', '2025-01-22 14:03:24', 'success', '2025-01-22 14:03:24', '2025-01-22 14:03:24', NULL),
('5464136601857392', 2524484, 'bank_transfer', '2024-06-21 23:44:40', 'pending', '2024-06-21 23:44:40', '2024-06-21 23:44:40', NULL),
('5933872061493882', 1107220, 'retail_store', '2025-08-04 15:50:37', 'success', '2025-08-04 15:50:37', '2025-08-04 15:50:37', NULL),
('4069300393960968', 3674371, 'retail_store', '2025-02-21 02:49:08', 'success', '2025-02-21 02:49:08', '2025-02-21 02:49:08', NULL),
('4508096686324737', 2726039, 'bank_transfer', '2025-01-28 01:40:44', 'failed', '2025-01-28 01:40:44', '2025-01-28 01:40:44', NULL),
('5928959774832614', 1546014, 'virtual_account', '2025-12-28 15:32:41', 'success', '2025-12-28 15:32:41', '2025-12-28 15:32:41', NULL),
('4598973652805996', 169114, 'retail_store', '2025-02-22 13:53:27', 'success', '2025-02-22 13:53:27', '2025-02-22 13:53:27', NULL),
('4172896263366055', 3129096, 'retail_store', '2024-10-11 00:45:15', 'pending', '2024-10-11 00:45:15', '2024-10-11 00:45:15', NULL),
('4865961216663202', 3821119, 'virtual_account', '2025-05-03 02:52:46', 'pending', '2025-05-03 02:52:46', '2025-05-03 02:52:46', NULL),
('5469742463169517', 2772758, 'virtual_account', '2025-03-23 14:17:30', 'success', '2025-03-23 14:17:30', '2025-03-23 14:17:30', NULL),
('4266136886175090', 3239925, 'retail_store', '2026-03-01 19:58:07', 'success', '2026-03-01 19:58:07', '2026-03-01 19:58:07', NULL),
('4634445494633763', 2657047, 'bank_transfer', '2024-09-24 20:27:38', 'success', '2024-09-24 20:27:38', '2024-09-24 20:27:38', NULL),
('5297105429529523', 1112317, 'retail_store', '2024-11-05 19:17:39', 'success', '2024-11-05 19:17:39', '2024-11-05 19:17:39', NULL),
('4960424488155260', 3076528, 'virtual_account', '2025-01-26 18:30:36', 'success', '2025-01-26 18:30:36', '2025-01-26 18:30:36', NULL),
('5928959774832614', 630057, 'retail_store', '2024-05-01 18:45:21', 'pending', '2024-05-01 18:45:21', '2024-05-01 18:45:21', NULL),
('5965295563474326', 1531955, 'virtual_account', '2025-03-24 21:26:50', 'success', '2025-03-24 21:26:50', '2025-03-24 21:26:50', NULL),
('4513209488722815', 1934375, 'bank_transfer', '2025-02-28 15:37:45', 'success', '2025-02-28 15:37:45', '2025-02-28 15:37:45', NULL),
('4926438888790244', 3448059, 'retail_store', '2025-05-19 17:47:41', 'pending', '2025-05-19 17:47:41', '2025-05-19 17:47:41', NULL),
('5871631566414205', 1533177, 'virtual_account', '2025-12-08 13:55:59', 'pending', '2025-12-08 13:55:59', '2025-12-08 13:55:59', NULL),
('4841279137229260', 3186874, 'retail_store', '2024-09-11 22:59:13', 'pending', '2024-09-11 22:59:13', '2024-09-11 22:59:13', NULL),
('4268313001375019', 2000604, 'retail_store', '2024-05-08 08:03:42', 'success', '2024-05-08 08:03:42', '2024-05-08 08:03:42', NULL),
('5239428665003205', 3184810, 'bank_transfer', '2024-12-18 20:40:37', 'success', '2024-12-18 20:40:37', '2024-12-18 20:40:37', NULL),
('5501432657484256', 3323433, 'bank_transfer', '2024-06-01 18:16:18', 'success', '2024-06-01 18:16:18', '2024-06-01 18:16:18', NULL),
('5579924924485823', 624411, 'retail_store', '2025-02-21 17:39:40', 'failed', '2025-02-21 17:39:40', '2025-02-21 17:39:40', NULL),
('5795567736009817', 2187921, 'virtual_account', '2025-12-10 11:18:09', 'success', '2025-12-10 11:18:09', '2025-12-10 11:18:09', NULL),
('4365535280265646', 1347414, 'retail_store', '2024-10-08 08:32:34', 'success', '2024-10-08 08:32:34', '2024-10-08 08:32:34', NULL),
('5680438782062330', 651587, 'retail_store', '2026-03-17 07:30:50', 'failed', '2026-03-17 07:30:50', '2026-03-17 07:30:50', NULL),
('4277251322184980', 2416250, 'bank_transfer', '2024-07-12 20:13:51', 'success', '2024-07-12 20:13:51', '2024-07-12 20:13:51', NULL),
('4266136886175090', 1765749, 'virtual_account', '2025-03-02 15:16:09', 'success', '2025-03-02 15:16:09', '2025-03-02 15:16:09', NULL),
('4436009692024353', 3774591, 'virtual_account', '2025-12-07 06:53:37', 'pending', '2025-12-07 06:53:37', '2025-12-07 06:53:37', NULL),
('5933872061493882', 2278582, 'bank_transfer', '2024-07-03 08:08:53', 'success', '2024-07-03 08:08:53', '2024-07-03 08:08:53', NULL),
('5680438782062330', 1482489, 'bank_transfer', '2026-01-24 04:59:25', 'success', '2026-01-24 04:59:25', '2026-01-24 04:59:25', NULL),
('4960424488155260', 3290891, 'bank_transfer', '2025-09-14 04:57:14', 'success', '2025-09-14 04:57:14', '2025-09-14 04:57:14', NULL),
('5795295094965605', 2642887, 'bank_transfer', '2025-12-03 15:56:50', 'success', '2025-12-03 15:56:50', '2025-12-03 15:56:50', NULL),
('5124919742119578', 1384076, 'retail_store', '2024-08-09 04:16:52', 'success', '2024-08-09 04:16:52', '2024-08-09 04:16:52', NULL),
('5789800772075512', 2402911, 'virtual_account', '2025-03-14 02:21:26', 'success', '2025-03-14 02:21:26', '2025-03-14 02:21:26', NULL),
('4262561786303580', 3000833, 'virtual_account', '2024-05-29 05:33:31', 'success', '2024-05-29 05:33:31', '2024-05-29 05:33:31', NULL),
('4781337294662707', 1432293, 'virtual_account', '2025-05-25 18:25:00', 'failed', '2025-05-25 18:25:00', '2025-05-25 18:25:00', NULL),
('5795567736009817', 3043499, 'bank_transfer', '2025-01-08 19:00:43', 'failed', '2025-01-08 19:00:43', '2025-01-08 19:00:43', NULL),
('4436009692024353', 2364725, 'retail_store', '2025-11-29 04:32:13', 'success', '2025-11-29 04:32:13', '2025-11-29 04:32:13', NULL),
('5680438782062330', 2928641, 'virtual_account', '2024-10-21 12:25:39', 'failed', '2024-10-21 12:25:39', '2024-10-21 12:25:39', NULL),
('5587173751187200', 4353668, 'bank_transfer', '2025-12-29 10:00:52', 'success', '2025-12-29 10:00:52', '2025-12-29 10:00:52', NULL),
('4277251322184980', 3916012, 'retail_store', '2024-09-09 08:40:29', 'pending', '2024-09-09 08:40:29', '2024-09-09 08:40:29', NULL),
('5947072590311527', 1702546, 'bank_transfer', '2025-06-05 15:50:00', 'failed', '2025-06-05 15:50:00', '2025-06-05 15:50:00', NULL),
('5267577711813564', 2468451, 'retail_store', '2025-05-17 08:17:24', 'success', '2025-05-17 08:17:24', '2025-05-17 08:17:24', NULL),
('4803699248521691', 377922, 'virtual_account', '2024-12-04 12:38:01', 'success', '2024-12-04 12:38:01', '2024-12-04 12:38:01', NULL),
('5767481107035866', 3498889, 'retail_store', '2024-09-05 22:48:03', 'success', '2024-09-05 22:48:03', '2024-09-05 22:48:03', NULL),
('5795567736009817', 2037782, 'retail_store', '2025-10-18 04:32:50', 'pending', '2025-10-18 04:32:50', '2025-10-18 04:32:50', NULL),
('5192050302634109', 3084336, 'bank_transfer', '2025-10-03 06:17:18', 'failed', '2025-10-03 06:17:18', '2025-10-03 06:17:18', NULL),
('5120566932021172', 721215, 'bank_transfer', '2025-07-30 01:21:43', 'success', '2025-07-30 01:21:43', '2025-07-30 01:21:43', NULL),
('5367316617196313', 2023468, 'bank_transfer', '2025-09-09 11:51:17', 'failed', '2025-09-09 11:51:17', '2025-09-09 11:51:17', NULL),
('4781337294662707', 4912648, 'virtual_account', '2024-09-06 23:00:20', 'success', '2024-09-06 23:00:20', '2024-09-06 23:00:20', NULL),
('4172896263366055', 2675939, 'bank_transfer', '2025-04-21 00:00:15', 'success', '2025-04-21 00:00:15', '2025-04-21 00:00:15', NULL),
('4795902181884207', 1341291, 'bank_transfer', '2025-02-15 11:45:50', 'success', '2025-02-15 11:45:50', '2025-02-15 11:45:50', NULL),
('4960424488155260', 3530569, 'virtual_account', '2025-03-09 12:56:51', 'pending', '2025-03-09 12:56:51', '2025-03-09 12:56:51', NULL),
('4436009692024353', 4347931, 'retail_store', '2024-08-21 03:58:29', 'pending', '2024-08-21 03:58:29', '2024-08-21 03:58:29', NULL),
('5661109340250118', 1489479, 'virtual_account', '2026-01-09 13:23:54', 'success', '2026-01-09 13:23:54', '2026-01-09 13:23:54', NULL),
('5560032541703049', 2218828, 'bank_transfer', '2024-06-10 01:19:36', 'pending', '2024-06-10 01:19:36', '2024-06-10 01:19:36', NULL),
('5928959774832614', 244655, 'virtual_account', '2025-10-21 02:59:01', 'success', '2025-10-21 02:59:01', '2025-10-21 02:59:01', NULL),
('4821614334704454', 2327360, 'retail_store', '2025-08-20 16:39:29', 'pending', '2025-08-20 16:39:29', '2025-08-20 16:39:29', NULL),
('5775325216212065', 762428, 'retail_store', '2025-12-13 14:09:00', 'success', '2025-12-13 14:09:00', '2025-12-13 14:09:00', NULL),
('5267577711813564', 3631685, 'retail_store', '2024-08-27 17:23:41', 'success', '2024-08-27 17:23:41', '2024-08-27 17:23:41', NULL),
('4324822130159257', 4518290, 'virtual_account', '2026-01-15 03:07:40', 'success', '2026-01-15 03:07:40', '2026-01-15 03:07:40', NULL),
('5789800772075512', 3113054, 'retail_store', '2025-01-22 20:21:18', 'failed', '2025-01-22 20:21:18', '2025-01-22 20:21:18', NULL),
('4926438888790244', 1331780, 'virtual_account', '2024-12-12 18:15:01', 'pending', '2024-12-12 18:15:01', '2024-12-12 18:15:01', NULL),
('5067837563018801', 2896343, 'retail_store', '2025-05-04 20:26:30', 'success', '2025-05-04 20:26:30', '2025-05-04 20:26:30', NULL),
('4069300393960968', 1986987, 'retail_store', '2025-05-28 19:37:12', 'success', '2025-05-28 19:37:12', '2025-05-28 19:37:12', NULL),
('4324822130159257', 1597697, 'virtual_account', '2025-09-12 09:38:09', 'success', '2025-09-12 09:38:09', '2025-09-12 09:38:09', NULL),
('5871631566414205', 2409347, 'retail_store', '2025-12-10 05:58:09', 'success', '2025-12-10 05:58:09', '2025-12-10 05:58:09', NULL),
('4895748511427302', 3575910, 'virtual_account', '2026-01-07 06:30:46', 'failed', '2026-01-07 06:30:46', '2026-01-07 06:30:46', NULL),
('4994308660018760', 3986003, 'virtual_account', '2025-06-23 15:06:02', 'success', '2025-06-23 15:06:02', '2025-06-23 15:06:02', NULL),
('5082306339447576', 4566933, 'virtual_account', '2025-02-12 02:33:59', 'success', '2025-02-12 02:33:59', '2025-02-12 02:33:59', NULL),
('5124919742119578', 2898363, 'virtual_account', '2025-05-09 20:37:44', 'success', '2025-05-09 20:37:44', '2025-05-09 20:37:44', NULL),
('4960424488155260', 363964, 'virtual_account', '2025-04-15 03:06:24', 'failed', '2025-04-15 03:06:24', '2025-04-15 03:06:24', NULL),
('4821614334704454', 4467972, 'retail_store', '2026-01-22 01:42:57', 'pending', '2026-01-22 01:42:57', '2026-01-22 01:42:57', NULL),
('4001154059686158', 2408621, 'retail_store', '2026-03-31 02:41:42', 'pending', '2026-03-31 02:41:42', '2026-03-31 02:41:42', NULL),
('4691676990195106', 3667619, 'bank_transfer', '2024-11-05 00:27:53', 'pending', '2024-11-05 00:27:53', '2024-11-05 00:27:53', NULL),
('4231336688877601', 2321024, 'retail_store', '2025-10-21 00:14:50', 'failed', '2025-10-21 00:14:50', '2025-10-21 00:14:50', NULL),
('4912686042701825', 2807533, 'bank_transfer', '2025-10-03 11:08:36', 'success', '2025-10-03 11:08:36', '2025-10-03 11:08:36', NULL),
('4496630895775631', 2733617, 'bank_transfer', '2024-10-16 01:05:33', 'success', '2024-10-16 01:05:33', '2024-10-16 01:05:33', NULL),
('5082306339447576', 3421148, 'retail_store', '2024-06-01 05:29:14', 'success', '2024-06-01 05:29:14', '2024-06-01 05:29:14', NULL),
('4807879451334390', 3835978, 'bank_transfer', '2026-02-06 11:37:43', 'failed', '2026-02-06 11:37:43', '2026-02-06 11:37:43', NULL),
('4266136886175090', 3400468, 'virtual_account', '2026-04-08 16:29:20', 'success', '2026-04-08 16:29:20', '2026-04-08 16:29:20', NULL),
('5441608889282109', 2916691, 'retail_store', '2025-12-06 02:39:25', 'success', '2025-12-06 02:39:25', '2025-12-06 02:39:25', NULL),
('5305277213462852', 2903547, 'retail_store', '2024-12-08 10:09:40', 'success', '2024-12-08 10:09:40', '2024-12-08 10:09:40', NULL),
('4840540528546701', 3743752, 'virtual_account', '2025-09-16 14:22:12', 'success', '2025-09-16 14:22:12', '2025-09-16 14:22:12', NULL),
('4994308660018760', 875113, 'bank_transfer', '2024-07-11 03:12:13', 'pending', '2024-07-11 03:12:13', '2024-07-11 03:12:13', NULL),
('4691676990195106', 4807178, 'virtual_account', '2025-03-31 11:27:25', 'success', '2025-03-31 11:27:25', '2025-03-31 11:27:25', NULL),
('5566055915055870', 176238, 'bank_transfer', '2024-12-21 23:37:30', 'success', '2024-12-21 23:37:30', '2024-12-21 23:37:30', NULL),
('4912686042701825', 4797424, 'virtual_account', '2024-09-13 05:45:02', 'success', '2024-09-13 05:45:02', '2024-09-13 05:45:02', NULL),
('4273557153026338', 4920875, 'retail_store', '2025-01-20 00:37:21', 'success', '2025-01-20 00:37:21', '2025-01-20 00:37:21', NULL),
('4496630895775631', 1304505, 'virtual_account', '2025-11-17 05:47:04', 'failed', '2025-11-17 05:47:04', '2025-11-17 05:47:04', NULL),
('5809686892768895', 4056936, 'virtual_account', '2025-05-13 06:12:16', 'pending', '2025-05-13 06:12:16', '2025-05-13 06:12:16', NULL),
('5469742463169517', 1110949, 'virtual_account', '2024-12-07 04:56:21', 'success', '2024-12-07 04:56:21', '2024-12-07 04:56:21', NULL),
('4864147316385453', 403999, 'bank_transfer', '2026-01-09 13:45:01', 'success', '2026-01-09 13:45:01', '2026-01-09 13:45:01', NULL),
('4748600244199414', 4788520, 'virtual_account', '2024-11-21 23:30:35', 'success', '2024-11-21 23:30:35', '2024-11-21 23:30:35', NULL),
('5087877770363133', 2248622, 'virtual_account', '2025-12-07 11:49:56', 'success', '2025-12-07 11:49:56', '2025-12-07 11:49:56', NULL),
('4231336688877601', 531195, 'bank_transfer', '2024-05-27 14:03:14', 'failed', '2024-05-27 14:03:14', '2024-05-27 14:03:14', NULL),
('4445916980986117', 3922781, 'bank_transfer', '2025-01-10 06:26:48', 'success', '2025-01-10 06:26:48', '2025-01-10 06:26:48', NULL),
('4900558817197729', 2253026, 'bank_transfer', '2025-09-09 15:56:59', 'success', '2025-09-09 15:56:59', '2025-09-09 15:56:59', NULL),
('5423462305749270', 3940260, 'bank_transfer', '2026-03-04 03:12:29', 'success', '2026-03-04 03:12:29', '2026-03-04 03:12:29', NULL),
('4208411892620314', 4909189, 'virtual_account', '2025-06-18 11:53:02', 'success', '2025-06-18 11:53:02', '2025-06-18 11:53:02', NULL),
('4324822130159257', 2723766, 'bank_transfer', '2024-12-07 18:09:24', 'pending', '2024-12-07 18:09:24', '2024-12-07 18:09:24', NULL),
('5933872061493882', 78948, 'virtual_account', '2024-10-07 10:18:51', 'failed', '2024-10-07 10:18:51', '2024-10-07 10:18:51', NULL),
('5267577711813564', 2695291, 'virtual_account', '2024-06-15 14:20:40', 'failed', '2024-06-15 14:20:40', '2024-06-15 14:20:40', NULL),
('4118704166397728', 2181236, 'bank_transfer', '2026-01-08 21:25:50', 'success', '2026-01-08 21:25:50', '2026-01-08 21:25:50', NULL),
('4436009692024353', 449706, 'virtual_account', '2025-02-08 13:58:59', 'success', '2025-02-08 13:58:59', '2025-02-08 13:58:59', NULL),
('4318079957870894', 2578892, 'virtual_account', '2025-12-19 19:50:32', 'success', '2025-12-19 19:50:32', '2025-12-19 19:50:32', NULL),
('4965218786259795', 214806, 'virtual_account', '2025-06-20 05:29:46', 'success', '2025-06-20 05:29:46', '2025-06-20 05:29:46', NULL),
('5105943003842035', 1049062, 'retail_store', '2024-09-01 11:10:49', 'failed', '2024-09-01 11:10:49', '2024-09-01 11:10:49', NULL),
('4436009692024353', 1001389, 'retail_store', '2024-10-23 07:11:32', 'pending', '2024-10-23 07:11:32', '2024-10-23 07:11:32', NULL),
('4779574621279759', 478795, 'retail_store', '2025-10-22 06:57:36', 'success', '2025-10-22 06:57:36', '2025-10-22 06:57:36', NULL),
('4900558817197729', 2320623, 'virtual_account', '2024-05-05 05:36:36', 'success', '2024-05-05 05:36:36', '2024-05-05 05:36:36', NULL),
('5423462305749270', 4844513, 'virtual_account', '2026-03-01 12:06:46', 'success', '2026-03-01 12:06:46', '2026-03-01 12:06:46', NULL),
('4123574623913134', 1031327, 'bank_transfer', '2025-03-03 05:22:48', 'pending', '2025-03-03 05:22:48', '2025-03-03 05:22:48', NULL),
('4912686042701825', 4596749, 'virtual_account', '2025-10-30 10:24:15', 'pending', '2025-10-30 10:24:15', '2025-10-30 10:24:15', NULL),
('5302353954973048', 229885, 'retail_store', '2025-09-22 12:34:20', 'success', '2025-09-22 12:34:20', '2025-09-22 12:34:20', NULL),
('5180914961915787', 3655622, 'retail_store', '2025-10-06 17:38:33', 'success', '2025-10-06 17:38:33', '2025-10-06 17:38:33', NULL),
('4227830385145808', 3346705, 'retail_store', '2025-05-11 01:10:46', 'pending', '2025-05-11 01:10:46', '2025-05-11 01:10:46', NULL),
('4090730346349701', 1623400, 'virtual_account', '2026-01-21 09:14:35', 'pending', '2026-01-21 09:14:35', '2026-01-21 09:14:35', NULL),
('5984718416696479', 3527790, 'bank_transfer', '2024-11-03 19:17:35', 'success', '2024-11-03 19:17:35', '2024-11-03 19:17:35', NULL),
('5464136601857392', 844437, 'bank_transfer', '2025-11-22 00:24:03', 'success', '2025-11-22 00:24:03', '2025-11-22 00:24:03', NULL),
('4912686042701825', 1182431, 'retail_store', '2025-03-05 22:49:29', 'success', '2025-03-05 22:49:29', '2025-03-05 22:49:29', NULL),
('5700431627087107', 3457016, 'bank_transfer', '2025-12-09 16:25:26', 'failed', '2025-12-09 16:25:26', '2025-12-09 16:25:26', NULL),
('4318281599762979', 2536285, 'bank_transfer', '2026-03-21 05:12:33', 'success', '2026-03-21 05:12:33', '2026-03-21 05:12:33', NULL),
('4864147316385453', 2897706, 'bank_transfer', '2024-05-19 00:49:49', 'success', '2024-05-19 00:49:49', '2024-05-19 00:49:49', NULL),
('5105943003842035', 3567670, 'bank_transfer', '2025-10-01 21:44:16', 'success', '2025-10-01 21:44:16', '2025-10-01 21:44:16', NULL),
('4953965868863726', 4703000, 'virtual_account', '2025-02-11 21:39:02', 'failed', '2025-02-11 21:39:02', '2025-02-11 21:39:02', NULL),
('4508096686324737', 729234, 'virtual_account', '2025-03-10 14:42:10', 'pending', '2025-03-10 14:42:10', '2025-03-10 14:42:10', NULL),
('5305277213462852', 1523676, 'bank_transfer', '2025-07-24 08:15:56', 'failed', '2025-07-24 08:15:56', '2025-07-24 08:15:56', NULL),
('4786675057375676', 2111559, 'bank_transfer', '2026-04-13 01:43:54', 'failed', '2026-04-13 01:43:54', '2026-04-13 01:43:54', NULL);

INSERT INTO withdraws (card_number, withdraw_amount, withdraw_time, status, created_at, updated_at, deleted_at) VALUES
('4492403137332378', 802565, '2024-12-06 02:48:31', 'failed', '2024-12-06 02:48:31', '2024-12-06 02:48:31', NULL),
('4769547032029793', 204936, '2025-01-31 14:49:52', 'success', '2025-01-31 14:49:52', '2025-01-31 14:49:52', NULL),
('4821614334704454', 862432, '2025-10-18 15:58:30', 'success', '2025-10-18 15:58:30', '2025-10-18 15:58:30', NULL),
('5657075696633287', 738005, '2025-10-20 23:18:51', 'success', '2025-10-20 23:18:51', '2025-10-20 23:18:51', NULL),
('5003856053069789', 488346, '2024-09-09 15:55:36', 'failed', '2024-09-09 15:55:36', '2024-09-09 15:55:36', NULL),
('4755014457035066', 862797, '2025-07-22 13:08:09', 'success', '2025-07-22 13:08:09', '2025-07-22 13:08:09', NULL),
('5795295094965605', 239640, '2024-11-25 02:09:36', 'pending', '2024-11-25 02:09:36', '2024-11-25 02:09:36', NULL),
('4227830385145808', 210615, '2025-07-08 12:10:42', 'success', '2025-07-08 12:10:42', '2025-07-08 12:10:42', NULL),
('4391365412541988', 690869, '2026-04-15 23:09:33', 'success', '2026-04-15 23:09:33', '2026-04-15 23:09:33', NULL),
('4324822130159257', 316078, '2026-01-09 03:24:36', 'success', '2026-01-09 03:24:36', '2026-01-09 03:24:36', NULL),
('5192050302634109', 672904, '2025-07-23 20:29:26', 'failed', '2025-07-23 20:29:26', '2025-07-23 20:29:26', NULL),
('5700138167446882', 272829, '2025-03-17 15:24:01', 'pending', '2025-03-17 15:24:01', '2025-03-17 15:24:01', NULL),
('4069300393960968', 390227, '2024-09-02 11:17:03', 'pending', '2024-09-02 11:17:03', '2024-09-02 11:17:03', NULL),
('4436009692024353', 365043, '2024-12-12 08:54:17', 'success', '2024-12-12 08:54:17', '2024-12-12 08:54:17', NULL),
('4598521835392346', 70523, '2024-10-30 02:34:05', 'success', '2024-10-30 02:34:05', '2024-10-30 02:34:05', NULL),
('4864147316385453', 823050, '2025-02-24 03:36:02', 'pending', '2025-02-24 03:36:02', '2025-02-24 03:36:02', NULL),
('4169114265711698', 356095, '2024-12-12 17:07:41', 'pending', '2024-12-12 17:07:41', '2024-12-12 17:07:41', NULL),
('4307731388488603', 679537, '2024-12-28 01:55:31', 'success', '2024-12-28 01:55:31', '2024-12-28 01:55:31', NULL),
('5239428665003205', 962557, '2024-07-31 18:11:56', 'success', '2024-07-31 18:11:56', '2024-07-31 18:11:56', NULL),
('4719356013822091', 477107, '2025-04-03 22:26:55', 'success', '2025-04-03 22:26:55', '2025-04-03 22:26:55', NULL),
('5192050302634109', 442901, '2025-12-11 10:01:27', 'pending', '2025-12-11 10:01:27', '2025-12-11 10:01:27', NULL),
('4965442810113673', 634994, '2024-09-19 05:12:31', 'failed', '2024-09-19 05:12:31', '2024-09-19 05:12:31', NULL),
('5928959774832614', 58118, '2025-12-08 05:58:58', 'success', '2025-12-08 05:58:58', '2025-12-08 05:58:58', NULL),
('5180914961915787', 458373, '2025-12-24 23:47:30', 'success', '2025-12-24 23:47:30', '2025-12-24 23:47:30', NULL),
('5237173782499853', 219963, '2025-06-26 03:47:33', 'success', '2025-06-26 03:47:33', '2025-06-26 03:47:33', NULL),
('4840540528546701', 142715, '2025-07-31 10:21:16', 'failed', '2025-07-31 10:21:16', '2025-07-31 10:21:16', NULL),
('4471447162187347', 481662, '2025-05-25 14:03:56', 'success', '2025-05-25 14:03:56', '2025-05-25 14:03:56', NULL),
('4266136886175090', 378452, '2024-12-30 14:37:27', 'success', '2024-12-30 14:37:27', '2024-12-30 14:37:27', NULL),
('5112470013191505', 540647, '2025-06-11 16:48:58', 'success', '2025-06-11 16:48:58', '2025-06-11 16:48:58', NULL),
('5063294709956103', 615530, '2026-03-04 21:54:50', 'failed', '2026-03-04 21:54:50', '2026-03-04 21:54:50', NULL),
('4840540528546701', 891860, '2026-01-09 13:05:21', 'failed', '2026-01-09 13:05:21', '2026-01-09 13:05:21', NULL),
('4396154380523064', 657075, '2025-11-30 08:56:36', 'pending', '2025-11-30 08:56:36', '2025-11-30 08:56:36', NULL),
('5680438782062330', 518475, '2025-11-26 17:08:56', 'success', '2025-11-26 17:08:56', '2025-11-26 17:08:56', NULL),
('4760197759190917', 623473, '2025-11-09 11:02:30', 'success', '2025-11-09 11:02:30', '2025-11-09 11:02:30', NULL),
('4760197759190917', 965737, '2024-10-07 14:59:40', 'success', '2024-10-07 14:59:40', '2024-10-07 14:59:40', NULL),
('4307731388488603', 359422, '2025-07-25 22:39:48', 'failed', '2025-07-25 22:39:48', '2025-07-25 22:39:48', NULL),
('4651822459085005', 941780, '2024-07-10 22:30:14', 'success', '2024-07-10 22:30:14', '2024-07-10 22:30:14', NULL),
('4499654738095322', 617214, '2025-10-04 04:13:54', 'success', '2025-10-04 04:13:54', '2025-10-04 04:13:54', NULL),
('4996225570013757', 456789, '2024-12-24 02:30:39', 'success', '2024-12-24 02:30:39', '2024-12-24 02:30:39', NULL),
('4637432150064434', 300737, '2025-03-04 05:21:11', 'failed', '2025-03-04 05:21:11', '2025-03-04 05:21:11', NULL),
('4651822459085005', 626502, '2025-09-24 04:15:32', 'success', '2025-09-24 04:15:32', '2025-09-24 04:15:32', NULL),
('4779574621279759', 991702, '2025-06-02 18:51:26', 'failed', '2025-06-02 18:51:26', '2025-06-02 18:51:26', NULL),
('4807879451334390', 761015, '2025-03-26 12:07:58', 'pending', '2025-03-26 12:07:58', '2025-03-26 12:07:58', NULL),
('5120566932021172', 557688, '2025-08-08 20:55:32', 'success', '2025-08-08 20:55:32', '2025-08-08 20:55:32', NULL),
('5789800772075512', 511117, '2025-02-05 15:07:06', 'success', '2025-02-05 15:07:06', '2025-02-05 15:07:06', NULL),
('4598521835392346', 753695, '2025-04-30 19:19:27', 'pending', '2025-04-30 19:19:27', '2025-04-30 19:19:27', NULL),
('5460609530185165', 609280, '2025-01-23 03:10:57', 'success', '2025-01-23 03:10:57', '2025-01-23 03:10:57', NULL),
('4769547032029793', 161189, '2025-07-03 05:24:57', 'success', '2025-07-03 05:24:57', '2025-07-03 05:24:57', NULL),
('4635474012743250', 371432, '2025-08-17 05:24:33', 'success', '2025-08-17 05:24:33', '2025-08-17 05:24:33', NULL),
('5192050302634109', 211562, '2025-03-14 14:41:18', 'success', '2025-03-14 14:41:18', '2025-03-14 14:41:18', NULL),
('4598973652805996', 982822, '2025-01-20 22:13:09', 'success', '2025-01-20 22:13:09', '2025-01-20 22:13:09', NULL),
('5473499729415392', 718739, '2024-09-09 17:34:42', 'success', '2024-09-09 17:34:42', '2024-09-09 17:34:42', NULL),
('4065291533699237', 575034, '2026-01-11 10:06:42', 'pending', '2026-01-11 10:06:42', '2026-01-11 10:06:42', NULL),
('5267577711813564', 798022, '2024-12-13 22:40:50', 'pending', '2024-12-13 22:40:50', '2024-12-13 22:40:50', NULL),
('5928959774832614', 820063, '2024-08-20 14:47:20', 'pending', '2024-08-20 14:47:20', '2024-08-20 14:47:20', NULL),
('5003856053069789', 978858, '2025-04-28 04:57:32', 'failed', '2025-04-28 04:57:32', '2025-04-28 04:57:32', NULL),
('5775325216212065', 214317, '2025-07-15 18:13:54', 'pending', '2025-07-15 18:13:54', '2025-07-15 18:13:54', NULL),
('4069300393960968', 274060, '2024-09-04 05:46:15', 'failed', '2024-09-04 05:46:15', '2024-09-04 05:46:15', NULL),
('5809686892768895', 74212, '2025-12-30 10:32:54', 'success', '2025-12-30 10:32:54', '2025-12-30 10:32:54', NULL),
('5700138167446882', 441334, '2025-11-10 15:38:22', 'pending', '2025-11-10 15:38:22', '2025-11-10 15:38:22', NULL),
('4795902181884207', 656644, '2025-06-01 20:32:09', 'success', '2025-06-01 20:32:09', '2025-06-01 20:32:09', NULL),
('4496630895775631', 432347, '2024-11-15 20:45:11', 'success', '2024-11-15 20:45:11', '2024-11-15 20:45:11', NULL),
('5657075696633287', 684437, '2025-04-04 03:30:02', 'failed', '2025-04-04 03:30:02', '2025-04-04 03:30:02', NULL),
('4262561786303580', 89219, '2025-02-22 17:23:19', 'success', '2025-02-22 17:23:19', '2025-02-22 17:23:19', NULL),
('4492403137332378', 584391, '2026-02-23 18:16:48', 'success', '2026-02-23 18:16:48', '2026-02-23 18:16:48', NULL),
('4513209488722815', 76008, '2025-05-22 00:32:21', 'pending', '2025-05-22 00:32:21', '2025-05-22 00:32:21', NULL),
('5789800772075512', 919755, '2025-11-26 08:08:14', 'success', '2025-11-26 08:08:14', '2025-11-26 08:08:14', NULL),
('4965442810113673', 334202, '2025-06-27 22:13:41', 'success', '2025-06-27 22:13:41', '2025-06-27 22:13:41', NULL),
('4069300393960968', 497822, '2024-08-16 05:32:06', 'failed', '2024-08-16 05:32:06', '2024-08-16 05:32:06', NULL),
('4637432150064434', 140167, '2025-04-16 00:38:28', 'pending', '2025-04-16 00:38:28', '2025-04-16 00:38:28', NULL),
('4268313001375019', 508893, '2024-08-29 22:06:36', 'pending', '2024-08-29 22:06:36', '2024-08-29 22:06:36', NULL),
('5754558967072949', 72289, '2024-07-18 20:00:42', 'success', '2024-07-18 20:00:42', '2024-07-18 20:00:42', NULL),
('5754558967072949', 921918, '2025-01-23 22:32:35', 'failed', '2025-01-23 22:32:35', '2025-01-23 22:32:35', NULL),
('5067837563018801', 858948, '2025-08-24 23:11:58', 'success', '2025-08-24 23:11:58', '2025-08-24 23:11:58', NULL),
('4300323120583051', 187878, '2025-04-12 23:32:38', 'failed', '2025-04-12 23:32:38', '2025-04-12 23:32:38', NULL),
('5579924924485823', 949218, '2025-08-22 01:47:33', 'failed', '2025-08-22 01:47:33', '2025-08-22 01:47:33', NULL),
('4960424488155260', 845631, '2024-07-03 08:54:06', 'success', '2024-07-03 08:54:06', '2024-07-03 08:54:06', NULL),
('5367316617196313', 906787, '2026-03-11 19:28:01', 'failed', '2026-03-11 19:28:01', '2026-03-11 19:28:01', NULL),
('4123574623913134', 928760, '2025-04-21 12:43:51', 'success', '2025-04-21 12:43:51', '2025-04-21 12:43:51', NULL),
('5803175474695040', 796932, '2025-02-08 15:31:59', 'failed', '2025-02-08 15:31:59', '2025-02-08 15:31:59', NULL),
('5803175474695040', 393190, '2025-08-09 05:49:34', 'success', '2025-08-09 05:49:34', '2025-08-09 05:49:34', NULL),
('5460609530185165', 334489, '2024-10-05 08:35:29', 'success', '2024-10-05 08:35:29', '2024-10-05 08:35:29', NULL),
('5775325216212065', 918204, '2025-05-07 23:47:06', 'success', '2025-05-07 23:47:06', '2025-05-07 23:47:06', NULL),
('4598521835392346', 62241, '2026-01-30 01:33:26', 'success', '2026-01-30 01:33:26', '2026-01-30 01:33:26', NULL),
('4485821326750532', 620734, '2025-09-04 03:18:14', 'pending', '2025-09-04 03:18:14', '2025-09-04 03:18:14', NULL),
('4318281599762979', 76140, '2025-04-08 05:48:57', 'success', '2025-04-08 05:48:57', '2025-04-08 05:48:57', NULL),
('5082306339447576', 669044, '2025-07-24 21:49:06', 'pending', '2025-07-24 21:49:06', '2025-07-24 21:49:06', NULL),
('4024322367068695', 214359, '2025-11-17 12:30:50', 'failed', '2025-11-17 12:30:50', '2025-11-17 12:30:50', NULL),
('5754558967072949', 324007, '2026-01-20 14:20:57', 'pending', '2026-01-20 14:20:57', '2026-01-20 14:20:57', NULL),
('4821614334704454', 849589, '2025-03-21 13:15:29', 'failed', '2025-03-21 13:15:29', '2025-03-21 13:15:29', NULL),
('4926438888790244', 439853, '2026-02-26 14:32:03', 'pending', '2026-02-26 14:32:03', '2026-02-26 14:32:03', NULL),
('4169114265711698', 691227, '2026-01-12 10:18:08', 'success', '2026-01-12 10:18:08', '2026-01-12 10:18:08', NULL),
('5933872061493882', 647972, '2025-01-05 03:43:17', 'success', '2025-01-05 03:43:17', '2025-01-05 03:43:17', NULL),
('5237173782499853', 575357, '2024-07-07 05:01:31', 'pending', '2024-07-07 05:01:31', '2024-07-07 05:01:31', NULL),
('4691676990195106', 424406, '2025-08-15 15:07:38', 'success', '2025-08-15 15:07:38', '2025-08-15 15:07:38', NULL),
('5460609530185165', 174607, '2026-01-12 11:11:37', 'success', '2026-01-12 11:11:37', '2026-01-12 11:11:37', NULL),
('4841279137229260', 153494, '2024-08-12 06:54:08', 'success', '2024-08-12 06:54:08', '2024-08-12 06:54:08', NULL),
('5984718416696479', 988236, '2025-03-24 00:25:39', 'success', '2025-03-24 00:25:39', '2025-03-24 00:25:39', NULL),
('4598973652805996', 617236, '2025-03-02 00:19:20', 'failed', '2025-03-02 00:19:20', '2025-03-02 00:19:20', NULL),
('4748600244199414', 129434, '2025-04-08 18:55:46', 'success', '2025-04-08 18:55:46', '2025-04-08 18:55:46', NULL),
('4926438888790244', 56235, '2025-05-03 15:51:47', 'success', '2025-05-03 15:51:47', '2025-05-03 15:51:47', NULL),
('4895748511427302', 498283, '2024-12-13 11:13:28', 'success', '2024-12-13 11:13:28', '2024-12-13 11:13:28', NULL),
('4024322367068695', 534711, '2024-09-14 13:25:53', 'pending', '2024-09-14 13:25:53', '2024-09-14 13:25:53', NULL),
('5953686363953094', 123225, '2024-09-25 10:54:42', 'success', '2024-09-25 10:54:42', '2024-09-25 10:54:42', NULL),
('5305277213462852', 101501, '2025-05-10 15:24:30', 'success', '2025-05-10 15:24:30', '2025-05-10 15:24:30', NULL),
('4719356013822091', 773550, '2024-12-15 14:46:07', 'success', '2024-12-15 14:46:07', '2024-12-15 14:46:07', NULL),
('5933872061493882', 958028, '2025-05-17 06:41:00', 'pending', '2025-05-17 06:41:00', '2025-05-17 06:41:00', NULL),
('5803175474695040', 849098, '2025-03-31 18:42:33', 'success', '2025-03-31 18:42:33', '2025-03-31 18:42:33', NULL),
('5315208939785996', 411137, '2024-10-29 10:25:30', 'success', '2024-10-29 10:25:30', '2024-10-29 10:25:30', NULL),
('4233243450965894', 806788, '2026-04-18 04:48:44', 'success', '2026-04-18 04:48:44', '2026-04-18 04:48:44', NULL),
('4445916980986117', 438789, '2025-04-15 15:30:08', 'success', '2025-04-15 15:30:08', '2025-04-15 15:30:08', NULL),
('4960424488155260', 445544, '2025-12-15 15:56:07', 'success', '2025-12-15 15:56:07', '2025-12-15 15:56:07', NULL),
('4900558817197729', 841083, '2025-05-27 03:36:48', 'success', '2025-05-27 03:36:48', '2025-05-27 03:36:48', NULL),
('5947072590311527', 316830, '2026-03-08 23:45:07', 'success', '2026-03-08 23:45:07', '2026-03-08 23:45:07', NULL),
('5120566932021172', 603330, '2025-10-10 12:39:47', 'success', '2025-10-10 12:39:47', '2025-10-10 12:39:47', NULL),
('5067837563018801', 784476, '2024-12-05 07:59:53', 'pending', '2024-12-05 07:59:53', '2024-12-05 07:59:53', NULL),
('4769547032029793', 90113, '2025-03-28 05:41:32', 'success', '2025-03-28 05:41:32', '2025-03-28 05:41:32', NULL),
('5928959774832614', 730852, '2024-09-21 00:38:18', 'success', '2024-09-21 00:38:18', '2024-09-21 00:38:18', NULL),
('4912686042701825', 938160, '2024-12-06 15:21:55', 'pending', '2024-12-06 15:21:55', '2024-12-06 15:21:55', NULL),
('4637432150064434', 937245, '2024-09-14 06:48:27', 'failed', '2024-09-14 06:48:27', '2024-09-14 06:48:27', NULL),
('4443162801308279', 147932, '2025-06-12 19:06:08', 'success', '2025-06-12 19:06:08', '2025-06-12 19:06:08', NULL),
('4508096686324737', 351217, '2025-07-06 11:47:42', 'success', '2025-07-06 11:47:42', '2025-07-06 11:47:42', NULL),
('5124919742119578', 551632, '2024-12-25 14:42:52', 'failed', '2024-12-25 14:42:52', '2024-12-25 14:42:52', NULL),
('5965295563474326', 883274, '2024-07-20 08:39:49', 'pending', '2024-07-20 08:39:49', '2024-07-20 08:39:49', NULL),
('5700138167446882', 330012, '2025-01-03 06:38:46', 'failed', '2025-01-03 06:38:46', '2025-01-03 06:38:46', NULL),
('4864147316385453', 506512, '2024-10-19 11:32:01', 'pending', '2024-10-19 11:32:01', '2024-10-19 11:32:01', NULL),
('5120566932021172', 83001, '2024-09-07 19:42:52', 'failed', '2024-09-07 19:42:52', '2024-09-07 19:42:52', NULL),
('5267577711813564', 300319, '2024-08-20 16:34:34', 'success', '2024-08-20 16:34:34', '2024-08-20 16:34:34', NULL),
('4508096686324737', 404414, '2025-06-04 06:20:50', 'failed', '2025-06-04 06:20:50', '2025-06-04 06:20:50', NULL),
('5360982194783244', 252932, '2026-03-31 11:00:59', 'pending', '2026-03-31 11:00:59', '2026-03-31 11:00:59', NULL),
('4396154380523064', 555238, '2025-01-08 06:02:32', 'pending', '2025-01-08 06:02:32', '2025-01-08 06:02:32', NULL),
('4755014457035066', 485180, '2025-02-20 12:22:22', 'success', '2025-02-20 12:22:22', '2025-02-20 12:22:22', NULL),
('4582249327797490', 937717, '2026-01-11 19:46:30', 'success', '2026-01-11 19:46:30', '2026-01-11 19:46:30', NULL),
('4266136886175090', 140042, '2025-08-27 18:39:35', 'failed', '2025-08-27 18:39:35', '2025-08-27 18:39:35', NULL),
('4318281599762979', 169326, '2025-03-13 01:40:14', 'success', '2025-03-13 01:40:14', '2025-03-13 01:40:14', NULL),
('4755014457035066', 566895, '2024-09-11 20:09:26', 'pending', '2024-09-11 20:09:26', '2024-09-11 20:09:26', NULL),
('4485821326750532', 417271, '2025-11-05 17:56:54', 'success', '2025-11-05 17:56:54', '2025-11-05 17:56:54', NULL),
('4233243450965894', 163991, '2024-07-05 06:36:10', 'success', '2024-07-05 06:36:10', '2024-07-05 06:36:10', NULL),
('5473499729415392', 982169, '2025-07-31 17:29:11', 'success', '2025-07-31 17:29:11', '2025-07-31 17:29:11', NULL),
('4001154059686158', 125193, '2025-03-20 13:44:58', 'failed', '2025-03-20 13:44:58', '2025-03-20 13:44:58', NULL),
('4300323120583051', 833959, '2025-04-18 09:00:53', 'success', '2025-04-18 09:00:53', '2025-04-18 09:00:53', NULL),
('4266136886175090', 434724, '2025-03-07 01:35:26', 'success', '2025-03-07 01:35:26', '2025-03-07 01:35:26', NULL),
('4634445494633763', 517502, '2025-12-15 03:09:58', 'failed', '2025-12-15 03:09:58', '2025-12-15 03:09:58', NULL),
('4492403137332378', 890054, '2024-07-10 08:12:43', 'success', '2024-07-10 08:12:43', '2024-07-10 08:12:43', NULL),
('5082306339447576', 793718, '2026-01-31 15:04:43', 'pending', '2026-01-31 15:04:43', '2026-01-31 15:04:43', NULL),
('5795295094965605', 397549, '2025-01-03 11:17:22', 'success', '2025-01-03 11:17:22', '2025-01-03 11:17:22', NULL),
('5315208939785996', 927190, '2025-07-04 13:02:13', 'success', '2025-07-04 13:02:13', '2025-07-04 13:02:13', NULL),
('5360982194783244', 337574, '2025-09-21 20:01:53', 'pending', '2025-09-21 20:01:53', '2025-09-21 20:01:53', NULL),
('5097975811087015', 584542, '2025-12-12 19:56:47', 'success', '2025-12-12 19:56:47', '2025-12-12 19:56:47', NULL),
('4318281599762979', 277835, '2025-10-23 08:14:13', 'success', '2025-10-23 08:14:13', '2025-10-23 08:14:13', NULL),
('5042438916839901', 268838, '2025-01-29 07:08:09', 'success', '2025-01-29 07:08:09', '2025-01-29 07:08:09', NULL),
('5460609530185165', 271823, '2025-11-21 14:52:16', 'pending', '2025-11-21 14:52:16', '2025-11-21 14:52:16', NULL),
('4637432150064434', 434720, '2024-11-08 08:11:21', 'success', '2024-11-08 08:11:21', '2024-11-08 08:11:21', NULL),
('5124919742119578', 976707, '2025-03-16 02:16:47', 'success', '2025-03-16 02:16:47', '2025-03-16 02:16:47', NULL),
('4895748511427302', 658513, '2025-04-05 12:08:34', 'success', '2025-04-05 12:08:34', '2025-04-05 12:08:34', NULL),
('5302353954973048', 539928, '2025-04-27 02:12:08', 'pending', '2025-04-27 02:12:08', '2025-04-27 02:12:08', NULL),
('4708072818315764', 293192, '2026-04-21 07:13:14', 'pending', '2026-04-21 07:13:14', '2026-04-21 07:13:14', NULL),
('5239428665003205', 506908, '2025-08-27 21:27:48', 'success', '2025-08-27 21:27:48', '2025-08-27 21:27:48', NULL),
('5180388771359866', 440067, '2026-04-15 14:51:16', 'success', '2026-04-15 14:51:16', '2026-04-15 14:51:16', NULL),
('4748600244199414', 468000, '2025-02-27 13:11:01', 'success', '2025-02-27 13:11:01', '2025-02-27 13:11:01', NULL),
('4953965868863726', 994394, '2025-06-25 17:39:03', 'success', '2025-06-25 17:39:03', '2025-06-25 17:39:03', NULL),
('4231336688877601', 366303, '2026-01-04 01:59:58', 'success', '2026-01-04 01:59:58', '2026-01-04 01:59:58', NULL),
('4598521835392346', 771364, '2026-01-17 21:09:21', 'pending', '2026-01-17 21:09:21', '2026-01-17 21:09:21', NULL),
('5464136601857392', 710341, '2025-03-20 01:36:32', 'failed', '2025-03-20 01:36:32', '2025-03-20 01:36:32', NULL),
('5441608889282109', 726173, '2025-11-09 11:37:15', 'failed', '2025-11-09 11:37:15', '2025-11-09 11:37:15', NULL),
('4821614334704454', 316945, '2025-03-03 08:55:51', 'failed', '2025-03-03 08:55:51', '2025-03-03 08:55:51', NULL),
('5120566932021172', 810406, '2025-12-02 06:09:03', 'failed', '2025-12-02 06:09:03', '2025-12-02 06:09:03', NULL),
('4247053058701363', 401877, '2025-01-08 15:10:34', 'failed', '2025-01-08 15:10:34', '2025-01-08 15:10:34', NULL),
('4231336688877601', 212072, '2026-04-04 01:46:39', 'pending', '2026-04-04 01:46:39', '2026-04-04 01:46:39', NULL),
('5106230637952535', 928578, '2025-03-10 20:45:20', 'failed', '2025-03-10 20:45:20', '2025-03-10 20:45:20', NULL),
('4994308660018760', 921263, '2024-10-03 22:59:08', 'success', '2024-10-03 22:59:08', '2024-10-03 22:59:08', NULL),
('5947072590311527', 197322, '2024-08-20 15:46:03', 'failed', '2024-08-20 15:46:03', '2024-08-20 15:46:03', NULL),
('4823175517411663', 151175, '2026-04-05 06:44:38', 'success', '2026-04-05 06:44:38', '2026-04-05 06:44:38', NULL),
('4172896263366055', 107616, '2024-08-29 08:30:52', 'failed', '2024-08-29 08:30:52', '2024-08-29 08:30:52', NULL),
('5460609530185165', 453451, '2025-06-24 08:54:34', 'success', '2025-06-24 08:54:34', '2025-06-24 08:54:34', NULL),
('4268313001375019', 427068, '2025-08-31 20:26:02', 'success', '2025-08-31 20:26:02', '2025-08-31 20:26:02', NULL),
('4598521835392346', 497415, '2025-10-03 00:41:55', 'failed', '2025-10-03 00:41:55', '2025-10-03 00:41:55', NULL),
('4795902181884207', 927678, '2025-07-04 21:53:43', 'success', '2025-07-04 21:53:43', '2025-07-04 21:53:43', NULL),
('4651822459085005', 875949, '2024-11-18 15:54:35', 'failed', '2024-11-18 15:54:35', '2024-11-18 15:54:35', NULL),
('4698759731552310', 707698, '2026-02-08 09:03:18', 'success', '2026-02-08 09:03:18', '2026-02-08 09:03:18', NULL),
('5501432657484256', 384545, '2025-03-12 09:52:38', 'failed', '2025-03-12 09:52:38', '2025-03-12 09:52:38', NULL),
('4024322367068695', 833738, '2025-06-12 00:44:35', 'success', '2025-06-12 00:44:35', '2025-06-12 00:44:35', NULL),
('5721475030458954', 953381, '2024-11-01 09:27:40', 'success', '2024-11-01 09:27:40', '2024-11-01 09:27:40', NULL),
('4090730346349701', 722868, '2024-11-23 02:53:55', 'success', '2024-11-23 02:53:55', '2024-11-23 02:53:55', NULL),
('4208411892620314', 643577, '2025-02-24 20:44:07', 'success', '2025-02-24 20:44:07', '2025-02-24 20:44:07', NULL),
('5087877770363133', 455025, '2025-05-05 20:15:19', 'success', '2025-05-05 20:15:19', '2025-05-05 20:15:19', NULL),
('4698759731552310', 233058, '2025-10-15 06:59:47', 'success', '2025-10-15 06:59:47', '2025-10-15 06:59:47', NULL),
('5315208939785996', 522085, '2024-11-30 13:17:53', 'success', '2024-11-30 13:17:53', '2024-11-30 13:17:53', NULL),
('5587173751187200', 784407, '2025-08-26 20:33:55', 'failed', '2025-08-26 20:33:55', '2025-08-26 20:33:55', NULL),
('5473499729415392', 871583, '2024-08-09 19:37:35', 'pending', '2024-08-09 19:37:35', '2024-08-09 19:37:35', NULL),
('4554874831250092', 686621, '2025-07-15 18:51:58', 'success', '2025-07-15 18:51:58', '2025-07-15 18:51:58', NULL),
('4554874831250092', 387891, '2025-06-22 03:44:41', 'failed', '2025-06-22 03:44:41', '2025-06-22 03:44:41', NULL),
('5205696695448517', 270358, '2025-10-15 21:43:15', 'success', '2025-10-15 21:43:15', '2025-10-15 21:43:15', NULL),
('5579924924485823', 331548, '2025-11-27 22:08:05', 'success', '2025-11-27 22:08:05', '2025-11-27 22:08:05', NULL),
('4266136886175090', 760561, '2025-09-18 22:59:05', 'success', '2025-09-18 22:59:05', '2025-09-18 22:59:05', NULL),
('5067837563018801', 984899, '2026-04-19 18:56:09', 'failed', '2026-04-19 18:56:09', '2026-04-19 18:56:09', NULL),
('5591612424729274', 708294, '2024-11-11 18:50:58', 'success', '2024-11-11 18:50:58', '2024-11-11 18:50:58', NULL),
('4266136886175090', 709762, '2024-11-07 21:25:08', 'success', '2024-11-07 21:25:08', '2024-11-07 21:25:08', NULL),
('5473499729415392', 910254, '2025-01-22 00:39:58', 'success', '2025-01-22 00:39:58', '2025-01-22 00:39:58', NULL),
('5789800772075512', 389811, '2025-08-30 03:35:39', 'failed', '2025-08-30 03:35:39', '2025-08-30 03:35:39', NULL);

INSERT INTO refresh_tokens (user_id, token, expiration, created_at, updated_at, deleted_at) VALUES
(1, 'RT_001_9KWW1C1LII2WBFJW77RO', '2024-06-29 00:00:00', '2024-01-01 00:00:00', '2024-01-01 00:00:00', NULL),
(2, 'RT_002_XQ8X25FJLG6G8TMMJPTK', '2024-06-29 00:00:00', '2024-01-01 00:00:00', '2024-01-01 00:00:00', NULL),
(3, 'RT_003_694IVZTD3RHJ5GH3N5I2', '2024-06-29 00:00:00', '2024-01-01 00:00:00', '2024-01-01 00:00:00', NULL),
(4, 'RT_004_M07ANQG60Y4NBC8RWLSP', '2024-06-29 00:00:00', '2024-01-01 00:00:00', '2024-01-01 00:00:00', NULL),
(5, 'RT_005_SKIM07YFASD7XUGPFOOZ', '2024-06-29 00:00:00', '2024-01-01 00:00:00', '2024-01-01 00:00:00', NULL),
(6, 'RT_006_V0HAS52RVH4JL5BPXLNO', '2024-06-29 00:00:00', '2024-01-01 00:00:00', '2024-01-01 00:00:00', NULL),
(7, 'RT_007_486C4PJOMGHTNY43XMIY', '2024-06-29 00:00:00', '2024-01-01 00:00:00', '2024-01-01 00:00:00', NULL),
(8, 'RT_008_34XL69JZL8MPEX9SFZG9', '2024-06-29 00:00:00', '2024-01-01 00:00:00', '2024-01-01 00:00:00', NULL),
(9, 'RT_009_DQ6V6N9SN8LGBY9PJJG2', '2024-06-29 00:00:00', '2024-01-01 00:00:00', '2024-01-01 00:00:00', NULL),
(10, 'RT_010_FEXSKLSXEHQM56VPV3DL', '2024-06-29 00:00:00', '2024-01-01 00:00:00', '2024-01-01 00:00:00', NULL),
(11, 'RT_011_L7I3BTAG39K700MN2JBZ', '2024-06-29 00:00:00', '2024-01-01 00:00:00', '2024-01-01 00:00:00', NULL),
(12, 'RT_012_4GLFLY42EUYB6006JFIL', '2024-06-29 00:00:00', '2024-01-01 00:00:00', '2024-01-01 00:00:00', NULL),
(13, 'RT_013_M3EXUV9CCAM77N21V0IQ', '2024-06-29 00:00:00', '2024-01-01 00:00:00', '2024-01-01 00:00:00', NULL),
(14, 'RT_014_3MRV9UJPHHW4OCP1RR8Q', '2024-06-29 00:00:00', '2024-01-01 00:00:00', '2024-01-01 00:00:00', NULL),
(15, 'RT_015_TYUB3YK9O1EBDLJLH9W7', '2024-06-29 00:00:00', '2024-01-01 00:00:00', '2024-01-01 00:00:00', NULL),
(16, 'RT_016_2EFOHOEBE5ZSS9Z2235P', '2024-06-29 00:00:00', '2024-01-01 00:00:00', '2024-01-01 00:00:00', NULL),
(17, 'RT_017_04REUZKBRVC2SGF2IFG1', '2024-06-29 00:00:00', '2024-01-01 00:00:00', '2024-01-01 00:00:00', NULL),
(18, 'RT_018_Y73YQ6620HD24CWV8ZIJ', '2024-06-29 00:00:00', '2024-01-01 00:00:00', '2024-01-01 00:00:00', NULL),
(19, 'RT_019_B9DL2AQL6DWEI5IN3X6H', '2024-06-29 00:00:00', '2024-01-01 00:00:00', '2024-01-01 00:00:00', NULL),
(20, 'RT_020_DNBHN8O728SF99QRH2XE', '2024-06-29 00:00:00', '2024-01-01 00:00:00', '2024-01-01 00:00:00', NULL),
(21, 'RT_021_59MMOQXJRBESN1QDTAPY', '2024-06-29 00:00:00', '2024-01-01 00:00:00', '2024-01-01 00:00:00', NULL),
(22, 'RT_022_FI5WL20AERY1N5FULH4L', '2024-06-29 00:00:00', '2024-01-01 00:00:00', '2024-01-01 00:00:00', NULL),
(23, 'RT_023_D9US49VTEJEAEIPRKMQK', '2024-06-29 00:00:00', '2024-01-01 00:00:00', '2024-01-01 00:00:00', NULL),
(24, 'RT_024_LYVGWH0EDI0WXJG1QYS5', '2024-06-29 00:00:00', '2024-01-01 00:00:00', '2024-01-01 00:00:00', NULL),
(25, 'RT_025_JQPEIWGLK8QEWUSDTV0Y', '2024-06-29 00:00:00', '2024-01-01 00:00:00', '2024-01-01 00:00:00', NULL),
(26, 'RT_026_UCM210GTMP6OXWM0CRXD', '2024-06-29 00:00:00', '2024-01-01 00:00:00', '2024-01-01 00:00:00', NULL),
(27, 'RT_027_GVM8MZ4GUOKOJB118YJ6', '2024-06-29 00:00:00', '2024-01-01 00:00:00', '2024-01-01 00:00:00', NULL),
(28, 'RT_028_9SF55I390V78RSGQX2B7', '2024-06-29 00:00:00', '2024-01-01 00:00:00', '2024-01-01 00:00:00', NULL),
(29, 'RT_029_19EK93XSLA9L8DYXA4RI', '2024-06-29 00:00:00', '2024-01-01 00:00:00', '2024-01-01 00:00:00', NULL),
(30, 'RT_030_WPZSQZE484TWNJZ6N4P9', '2024-06-29 00:00:00', '2024-01-01 00:00:00', '2024-01-01 00:00:00', NULL),
(31, 'RT_031_YBN14JYVDHYSHCJ32FNN', '2024-06-29 00:00:00', '2024-01-01 00:00:00', '2024-01-01 00:00:00', NULL),
(32, 'RT_032_23RAW1AZ4EOSHJL0OFS4', '2024-06-29 00:00:00', '2024-01-01 00:00:00', '2024-01-01 00:00:00', NULL),
(33, 'RT_033_86MKDFT4HE71YMIBWNE8', '2024-06-29 00:00:00', '2024-01-01 00:00:00', '2024-01-01 00:00:00', NULL),
(34, 'RT_034_QU5X0WVDZFXNOXBQQSJ8', '2024-06-29 00:00:00', '2024-01-01 00:00:00', '2024-01-01 00:00:00', NULL),
(35, 'RT_035_0SY9UXYL7YD1YET0I3XS', '2024-06-29 00:00:00', '2024-01-01 00:00:00', '2024-01-01 00:00:00', NULL),
(36, 'RT_036_QU6GCY32XKIIMRELT923', '2024-06-29 00:00:00', '2024-01-01 00:00:00', '2024-01-01 00:00:00', NULL),
(37, 'RT_037_I45J6E1TCJGRXMR3GWEK', '2024-06-29 00:00:00', '2024-01-01 00:00:00', '2024-01-01 00:00:00', NULL),
(38, 'RT_038_UV24K8AHNQ7KB51TBYQS', '2024-06-29 00:00:00', '2024-01-01 00:00:00', '2024-01-01 00:00:00', NULL),
(39, 'RT_039_QZOYJTIAD0LOCMG6SNJQ', '2024-06-29 00:00:00', '2024-01-01 00:00:00', '2024-01-01 00:00:00', NULL),
(40, 'RT_040_6SV4ECK4W2HPGY3O168H', '2024-06-29 00:00:00', '2024-01-01 00:00:00', '2024-01-01 00:00:00', NULL),
(41, 'RT_041_AHQ3VA428E4F5VYIFY40', '2024-06-29 00:00:00', '2024-01-01 00:00:00', '2024-01-01 00:00:00', NULL),
(42, 'RT_042_EPLB60PT2PPUFJLRUE07', '2024-06-29 00:00:00', '2024-01-01 00:00:00', '2024-01-01 00:00:00', NULL),
(43, 'RT_043_TE1CZ9AEKMYYCQ0F2T2N', '2024-06-29 00:00:00', '2024-01-01 00:00:00', '2024-01-01 00:00:00', NULL),
(44, 'RT_044_FCC3LFPMEA78EDDOYFS2', '2024-06-29 00:00:00', '2024-01-01 00:00:00', '2024-01-01 00:00:00', NULL),
(45, 'RT_045_S0UV8IRUMUJX1BEZ1V3Z', '2024-06-29 00:00:00', '2024-01-01 00:00:00', '2024-01-01 00:00:00', NULL),
(46, 'RT_046_L3AMN1FQ3LVZKXQ7V323', '2024-06-29 00:00:00', '2024-01-01 00:00:00', '2024-01-01 00:00:00', NULL),
(47, 'RT_047_6IZRMIS65S2ZP5S44QLE', '2024-06-29 00:00:00', '2024-01-01 00:00:00', '2024-01-01 00:00:00', NULL),
(48, 'RT_048_ZHXHTYWVB3C4IU4SPI7N', '2024-06-29 00:00:00', '2024-01-01 00:00:00', '2024-01-01 00:00:00', NULL),
(49, 'RT_049_JOVO6YP2MF35TB9QIAO5', '2024-06-29 00:00:00', '2024-01-01 00:00:00', '2024-01-01 00:00:00', NULL),
(50, 'RT_050_8PFJK6JRZMFYJVBJG0S1', '2024-06-29 00:00:00', '2024-01-01 00:00:00', '2024-01-01 00:00:00', NULL),
(51, 'RT_051_TDV8IQLBHSISQ66ANA70', '2024-06-29 00:00:00', '2024-01-01 00:00:00', '2024-01-01 00:00:00', NULL),
(52, 'RT_052_1WND3ZAZARGBP5SL109U', '2024-06-29 00:00:00', '2024-01-01 00:00:00', '2024-01-01 00:00:00', NULL),
(53, 'RT_053_XNGR484H59KOG1IMH3OL', '2024-06-29 00:00:00', '2024-01-01 00:00:00', '2024-01-01 00:00:00', NULL),
(54, 'RT_054_6VBVQPG05EDRU89K12GV', '2024-06-29 00:00:00', '2024-01-01 00:00:00', '2024-01-01 00:00:00', NULL),
(55, 'RT_055_K9I7O0RMSZ56DIXOFEML', '2024-06-29 00:00:00', '2024-01-01 00:00:00', '2024-01-01 00:00:00', NULL),
(56, 'RT_056_HEXMADU6B491SEUCB72F', '2024-06-29 00:00:00', '2024-01-01 00:00:00', '2024-01-01 00:00:00', NULL),
(57, 'RT_057_3POWIOAPDFFRS0XGKDDO', '2024-06-29 00:00:00', '2024-01-01 00:00:00', '2024-01-01 00:00:00', NULL),
(58, 'RT_058_3HTM77JJDW50H5H193HE', '2024-06-29 00:00:00', '2024-01-01 00:00:00', '2024-01-01 00:00:00', NULL),
(59, 'RT_059_LOM8FYE3V8UZW7WP09DP', '2024-06-29 00:00:00', '2024-01-01 00:00:00', '2024-01-01 00:00:00', NULL),
(60, 'RT_060_LEKHU8X447RHRKH04QCG', '2024-06-29 00:00:00', '2024-01-01 00:00:00', '2024-01-01 00:00:00', NULL),
(61, 'RT_061_WEJHCOV4Z9TUP2LW02YD', '2024-06-29 00:00:00', '2024-01-01 00:00:00', '2024-01-01 00:00:00', NULL),
(62, 'RT_062_FRJBFAPGPJL0H9HRTCEA', '2024-06-29 00:00:00', '2024-01-01 00:00:00', '2024-01-01 00:00:00', NULL),
(63, 'RT_063_YBPKF7UZM8ILA3LJG7RT', '2024-06-29 00:00:00', '2024-01-01 00:00:00', '2024-01-01 00:00:00', NULL),
(64, 'RT_064_YYVU8OAVGJOIT84K3L5W', '2024-06-29 00:00:00', '2024-01-01 00:00:00', '2024-01-01 00:00:00', NULL),
(65, 'RT_065_C3YDR9RD5U84FW1T0PFH', '2024-06-29 00:00:00', '2024-01-01 00:00:00', '2024-01-01 00:00:00', NULL),
(66, 'RT_066_M2OYEK7AF6R7Q770HCCB', '2024-06-29 00:00:00', '2024-01-01 00:00:00', '2024-01-01 00:00:00', NULL),
(67, 'RT_067_CP4WJS4OXOD7HC4CRFT4', '2024-06-29 00:00:00', '2024-01-01 00:00:00', '2024-01-01 00:00:00', NULL),
(68, 'RT_068_7CCHE6U96ZIG8RKDAA6O', '2024-06-29 00:00:00', '2024-01-01 00:00:00', '2024-01-01 00:00:00', NULL),
(69, 'RT_069_0VW61MT733ZJEXUT2UTP', '2024-06-29 00:00:00', '2024-01-01 00:00:00', '2024-01-01 00:00:00', NULL),
(70, 'RT_070_QD9XQA2ZTM25BMRQ8JTN', '2024-06-29 00:00:00', '2024-01-01 00:00:00', '2024-01-01 00:00:00', NULL),
(71, 'RT_071_ZG51EYJRS7R66CTARPSV', '2024-06-29 00:00:00', '2024-01-01 00:00:00', '2024-01-01 00:00:00', NULL),
(72, 'RT_072_0BVMH7ERZY8DXJLTVMBQ', '2024-06-29 00:00:00', '2024-01-01 00:00:00', '2024-01-01 00:00:00', NULL),
(73, 'RT_073_4KC53XFSJFPXY2LGBOR3', '2024-06-29 00:00:00', '2024-01-01 00:00:00', '2024-01-01 00:00:00', NULL),
(74, 'RT_074_YQSHDV1Q2AACTLE7J1GS', '2024-06-29 00:00:00', '2024-01-01 00:00:00', '2024-01-01 00:00:00', NULL),
(75, 'RT_075_6VZ7N38RASCL185ZFISL', '2024-06-29 00:00:00', '2024-01-01 00:00:00', '2024-01-01 00:00:00', NULL),
(76, 'RT_076_TXUBTAB5XEHNKSU0V649', '2024-06-29 00:00:00', '2024-01-01 00:00:00', '2024-01-01 00:00:00', NULL),
(77, 'RT_077_SKE8UFHRX1IR84GK2PCJ', '2024-06-29 00:00:00', '2024-01-01 00:00:00', '2024-01-01 00:00:00', NULL),
(78, 'RT_078_32Y6ZAW9NOBIVMNP1E8P', '2024-06-29 00:00:00', '2024-01-01 00:00:00', '2024-01-01 00:00:00', NULL),
(79, 'RT_079_53TOAG3PHFDC3FUZK9MP', '2024-06-29 00:00:00', '2024-01-01 00:00:00', '2024-01-01 00:00:00', NULL),
(80, 'RT_080_9J83FWKSSOVYFERC0JNS', '2024-06-29 00:00:00', '2024-01-01 00:00:00', '2024-01-01 00:00:00', NULL),
(81, 'RT_081_ENO0HFKGAUABRODIOP1W', '2024-06-29 00:00:00', '2024-01-01 00:00:00', '2024-01-01 00:00:00', NULL),
(82, 'RT_082_T1Q0F4KADL1PU8ASU3TS', '2024-06-29 00:00:00', '2024-01-01 00:00:00', '2024-01-01 00:00:00', NULL),
(83, 'RT_083_0J9NWM5VSGSEJ5201GM3', '2024-06-29 00:00:00', '2024-01-01 00:00:00', '2024-01-01 00:00:00', NULL),
(84, 'RT_084_PDU0TSN6SXP9ZZRDBKKL', '2024-06-29 00:00:00', '2024-01-01 00:00:00', '2024-01-01 00:00:00', NULL),
(85, 'RT_085_RDU5818YVBDIMLCWLY9B', '2024-06-29 00:00:00', '2024-01-01 00:00:00', '2024-01-01 00:00:00', NULL),
(86, 'RT_086_A0G0K9PQYQEGT9NSJQ2Q', '2024-06-29 00:00:00', '2024-01-01 00:00:00', '2024-01-01 00:00:00', NULL),
(87, 'RT_087_WBDHM5EFRJ63GD2L6BH6', '2024-06-29 00:00:00', '2024-01-01 00:00:00', '2024-01-01 00:00:00', NULL),
(88, 'RT_088_XSRUI8Q6TQSD75W8ETSA', '2024-06-29 00:00:00', '2024-01-01 00:00:00', '2024-01-01 00:00:00', NULL),
(89, 'RT_089_PDZZ4QXQY530L0C2M7VP', '2024-06-29 00:00:00', '2024-01-01 00:00:00', '2024-01-01 00:00:00', NULL),
(90, 'RT_090_PN8HI3U44U5K27XJSXH8', '2024-06-29 00:00:00', '2024-01-01 00:00:00', '2024-01-01 00:00:00', NULL),
(91, 'RT_091_LBP02LGKGAGWFHJQBI5K', '2024-06-29 00:00:00', '2024-01-01 00:00:00', '2024-01-01 00:00:00', NULL),
(92, 'RT_092_AMZU0SVI1AKC83B5GBJ2', '2024-06-29 00:00:00', '2024-01-01 00:00:00', '2024-01-01 00:00:00', NULL),
(93, 'RT_093_53DC0IL9UDT948Y3UBXY', '2024-06-29 00:00:00', '2024-01-01 00:00:00', '2024-01-01 00:00:00', NULL),
(94, 'RT_094_5X7BKFMBRJOF6K465AB4', '2024-06-29 00:00:00', '2024-01-01 00:00:00', '2024-01-01 00:00:00', NULL),
(95, 'RT_095_NVXWGD1S2VMCNXZL2TNA', '2024-06-29 00:00:00', '2024-01-01 00:00:00', '2024-01-01 00:00:00', NULL),
(96, 'RT_096_MPCKWOTYY4FLI5V1B454', '2024-06-29 00:00:00', '2024-01-01 00:00:00', '2024-01-01 00:00:00', NULL),
(97, 'RT_097_68Y9NZJ4KA8FYDT1T3QR', '2024-06-29 00:00:00', '2024-01-01 00:00:00', '2024-01-01 00:00:00', NULL),
(98, 'RT_098_X8JMOTX8F1BVFOZ7WYN7', '2024-06-29 00:00:00', '2024-01-01 00:00:00', '2024-01-01 00:00:00', NULL),
(99, 'RT_099_OQ92ZE2MVWLJL3N6U66W', '2024-06-29 00:00:00', '2024-01-01 00:00:00', '2024-01-01 00:00:00', NULL),
(100, 'RT_100_8RPKX53AX0L5XX1B4U5Y', '2024-06-29 00:00:00', '2024-01-01 00:00:00', '2024-01-01 00:00:00', NULL);
